tweet_id,user_id,username,screenname,followers_count,friends_count,listed_count,favourites_count,geo_enabled,following,location,text,created_at,place,coordinates,geo,favorited,favorite_count,retweeted,retweet_count,in_reply_to_screen_name,in_reply_to_status_id,in_reply_to_user_id,contributors,source,truncated,hashtags,urls,symbols,user_mentions
634058343980511232,126124275,Jonathan Morrison,tldtoday,126557,266,799,1272,False,True,"Los Angeles, CA ",üòçüòç Big s/o to @askdes &amp; @TMobile for coming through! http://t.co/brDobWTkUe,2015-08-19 17:44,,,,False,224,False,37,,,,,Tweetbot for iŒüS,False,[],[],[],"[{u'id': 399670633, u'indices': [16, 23], u'id_str': u'399670633', u'screen_name': u'askdes', u'name': u'Des'}, {u'id': 17338082, u'indices': [30, 38], u'id_str': u'17338082', u'screen_name': u'TMobile', u'name': u'T-Mobile'}]"
634043003514982400,126124275,Jonathan Morrison,tldtoday,126557,266,799,1272,False,True,"Los Angeles, CA ",Don‚Äôt you diss pancakes bro https://t.co/iH6vMGHMxB,2015-08-19 16:43,,,,False,76,False,8,,,,,Tweetbot for iŒüS,False,[],"[{u'url': u'https://t.co/iH6vMGHMxB', u'indices': [29, 52], u'expanded_url': u'https://twitter.com/ReneBarba89/status/634042883931140096', u'display_url': u'twitter.com/ReneBarba89/st\u2026'}]",[],[]
634042895834546176,126124275,Jonathan Morrison,tldtoday,126557,266,799,1272,False,True,"Los Angeles, CA ",@Matthiasiam DJI Inspire!,2015-08-19 16:43,,,,False,12,False,0,Matthiasiam,634042616221319168,44184316,,Tweetbot for iŒüS,False,[],[],[],"[{u'id': 44184316, u'indices': [0, 12], u'id_str': u'44184316', u'screen_name': u'Matthiasiam', u'name': u'Matthias'}]"
634042479113691138,126124275,Jonathan Morrison,tldtoday,126557,266,799,1272,False,True,"Los Angeles, CA ",üòÅüòÅüòÅ http://t.co/8DRZq2BOlJ,2015-08-19 16:41,,,,False,175,False,15,,,,,Tweetbot for iŒüS,False,[],[],[],[]
634031932028751872,126124275,Jonathan Morrison,tldtoday,126557,266,799,1272,False,True,"Los Angeles, CA ",Crispy level up https://t.co/JCEMkToSah,2015-08-19 15:59,,,,False,74,False,11,,,,,Tweetbot for iŒüS,False,[],"[{u'url': u'https://t.co/JCEMkToSah', u'indices': [16, 39], u'expanded_url': u'https://twitter.com/aayush_rules/status/634030931762778112', u'display_url': u'twitter.com/aayush_rules/s\u2026'}]",[],[]
634025937957351425,126124275,Jonathan Morrison,tldtoday,126557,266,799,1272,False,True,"Los Angeles, CA ",.@UnboxTherapy doin‚Äô UnboxTherapy things - https://t.co/NfCT1P7ErV #YeahMrWhite http://t.co/cci6EvU1IU,2015-08-19 15:35,,,,False,160,False,33,,,,,Tweetbot for iŒüS,False,"[{u'indices': [67, 79], u'text': u'YeahMrWhite'}]","[{u'url': u'https://t.co/NfCT1P7ErV', u'indices': [43, 66], u'expanded_url': u'https://youtu.be/ChUsy8gWwvo', u'display_url': u'youtu.be/ChUsy8gWwvo'}]",[],"[{u'id': 239672340, u'indices': [1, 14], u'id_str': u'239672340', u'screen_name': u'UnboxTherapy', u'name': u'Lewis'}]"
634024729062436864,126124275,Jonathan Morrison,tldtoday,126557,266,799,1272,False,True,"Los Angeles, CA ",@TechNich0le @MKBHD @austinwachukwu @TeQreation üëåüèº,2015-08-19 15:30,,,,False,1,False,0,TechNich0le,634024138621915140,2627352326,,Tweetbot for iŒüS,False,[],[],[],"[{u'id': 2627352326, u'indices': [0, 12], u'id_str': u'2627352326', u'screen_name': u'TechNich0le', u'name': u'Nichole Cottrell'}, {u'id': 29873662, u'indices': [13, 19], u'id_str': u'29873662', u'screen_name': u'MKBHD', u'name': u'Marques Brownlee'}, {u'id': 255844734, u'indices': [20, 35], u'id_str': u'255844734', u'screen_name': u'austinwachukwu', u'name': u'Austin Nwachukwu'}, {u'id': 3106825973, u'indices': [36, 47], u'id_str': u'3106825973', u'screen_name': u'TeQreation', u'name': u'Jeremy Quinones '}]"
633872953516539904,126124275,Jonathan Morrison,tldtoday,126557,266,799,1272,False,True,"Los Angeles, CA ",@elotrodude üëäüèº,2015-08-19 05:27,,,,False,1,False,0,elotrodude,633844897011924992,47288440,,Tweetbot for iŒüS,False,[],[],[],"[{u'id': 47288440, u'indices': [0, 11], u'id_str': u'47288440', u'screen_name': u'elotrodude', u'name': u'Antonio'}]"
633825315937120256,126124275,Jonathan Morrison,tldtoday,126557,266,799,1272,False,True,"Los Angeles, CA ",*Slow Clap* üëèüèº https://t.co/6dbER2GDCe http://t.co/gKbbbvu5VI,2015-08-19 02:18,,,,False,198,False,30,,,,,Tweetbot for iŒüS,False,[],"[{u'url': u'https://t.co/6dbER2GDCe', u'indices': [15, 38], u'expanded_url': u'https://twitter.com/Vabe7/status/633810926827905024', u'display_url': u'twitter.com/Vabe7/status/6\u2026'}]",[],[]
633795367436316672,126124275,Jonathan Morrison,tldtoday,126557,266,799,1272,False,True,"Los Angeles, CA ",Shoot me a video snap of the best iPhone 6s rumor you‚Äôve heard - tldtoday http://t.co/sbnrOoQESr,2015-08-19 00:19,,,,False,82,False,8,,,,,Tweetbot for iŒüS,False,[],[],[],[]
633773819514122240,126124275,Jonathan Morrison,tldtoday,126557,266,799,1272,False,True,"Los Angeles, CA ",@gabriel024_ @BuffDudes get ready haha,2015-08-18 22:53,,,,False,2,False,0,gabriel024_,633773706167365633,3292294265,,Tweetbot for iŒüS,False,[],[],[],"[{u'id': 3292294265, u'indices': [0, 12], u'id_str': u'3292294265', u'screen_name': u'gabriel024_', u'name': u'CAPiTAN'}, {u'id': 574777543, u'indices': [13, 23], u'id_str': u'574777543', u'screen_name': u'BuffDudes', u'name': u'Buff Dudes'}]"
633771080788807680,126124275,Jonathan Morrison,tldtoday,126557,266,799,1272,False,True,"Los Angeles, CA ",@gabriel024_ @BuffDudes Maaaaaaaaybee :D,2015-08-18 22:42,,,,False,2,False,0,gabriel024_,633769903980474368,3292294265,,Tweetbot for Mac,False,[],[],[],"[{u'id': 3292294265, u'indices': [0, 12], u'id_str': u'3292294265', u'screen_name': u'gabriel024_', u'name': u'CAPiTAN'}, {u'id': 574777543, u'indices': [13, 23], u'id_str': u'574777543', u'screen_name': u'BuffDudes', u'name': u'Buff Dudes'}]"
633735487455297536,126124275,Jonathan Morrison,tldtoday,126557,266,799,1272,False,True,"Los Angeles, CA ",Most definitely https://t.co/JniB2tpQJu,2015-08-18 20:21,,,,False,55,False,13,,,,,Tweetbot for iŒüS,False,[],"[{u'url': u'https://t.co/JniB2tpQJu', u'indices': [16, 39], u'expanded_url': u'https://twitter.com/w0rder/status/633718464952315904', u'display_url': u'twitter.com/w0rder/status/\u2026'}]",[],[]
633731915892191232,126124275,Jonathan Morrison,tldtoday,126557,266,799,1272,False,True,"Los Angeles, CA ",These dudes are killing it https://t.co/fnlLDac6Kp @BuffDudes,2015-08-18 20:07,,,,False,42,False,13,,,,,Tweetbot for Mac,False,[],"[{u'url': u'https://t.co/fnlLDac6Kp', u'indices': [27, 50], u'expanded_url': u'https://twitter.com/BuffDudes/status/633724722472185856', u'display_url': u'twitter.com/BuffDudes/stat\u2026'}]",[],"[{u'id': 574777543, u'indices': [51, 61], u'id_str': u'574777543', u'screen_name': u'BuffDudes', u'name': u'Buff Dudes'}]"
633712736128602113,126124275,Jonathan Morrison,tldtoday,126557,266,799,1272,False,True,"Los Angeles, CA ",USB-C. http://t.co/7CJspfgrqY,2015-08-18 18:51,,,,False,383,False,53,,,,,Tweetbot for iŒüS,False,[],[],[],[]
633650209331908612,126124275,Jonathan Morrison,tldtoday,126557,266,799,1272,False,True,"Los Angeles, CA ",@ojas_daydreamer :D,2015-08-18 14:42,,,,False,1,False,0,ojas_daydreamer,633614889009979392,2892985332,,Tweetbot for Mac,False,[],[],[],"[{u'id': 2892985332, u'indices': [0, 16], u'id_str': u'2892985332', u'screen_name': u'ojas_daydreamer', u'name': u'ojas jain'}]"
633431703420211200,126124275,Jonathan Morrison,tldtoday,126557,266,799,1272,False,True,"Los Angeles, CA ",@austinnotduncan Thug life.,2015-08-18 00:14,,,,False,86,False,11,austinnotduncan,633430375667138560,59023203,,Tweetbot for iŒüS,False,[],[],[],"[{u'id': 59023203, u'indices': [0, 16], u'id_str': u'59023203', u'screen_name': u'austinnotduncan', u'name': u'Austin Evans'}]"
633431513766359040,126124275,Jonathan Morrison,tldtoday,126557,266,799,1272,False,True,"Los Angeles, CA ",@zaheeruddinayaz hah thanks man üëäüèº,2015-08-18 00:13,,,,False,3,False,0,zaheeruddinayaz,633427724334329857,743081576,,Tweetbot for iŒüS,False,[],[],[],"[{u'id': 743081576, u'indices': [0, 16], u'id_str': u'743081576', u'screen_name': u'zaheeruddinayaz', u'name': u'Zaheer'}]"
633426623082053632,126124275,Jonathan Morrison,tldtoday,126557,266,799,1272,False,True,"Los Angeles, CA ",@zaheeruddinayaz nah ha but video probably helps a bit,2015-08-17 23:54,,,,False,3,False,0,zaheeruddinayaz,633426138157596672,743081576,,Tweetbot for iŒüS,False,[],[],[],"[{u'id': 743081576, u'indices': [0, 16], u'id_str': u'743081576', u'screen_name': u'zaheeruddinayaz', u'name': u'Zaheer'}]"
633425723982635008,126124275,Jonathan Morrison,tldtoday,126557,266,799,1272,False,True,"Los Angeles, CA ",See ya next time Monterey! http://t.co/8MISfzfPEZ,2015-08-17 23:50,,,,False,246,False,26,,,,,Tweetbot for iŒüS,False,[],[],[],[]
633407259628802049,126124275,Jonathan Morrison,tldtoday,126557,266,799,1272,False,True,"Los Angeles, CA ",Holy neck and neck batman http://t.co/V5AcprV5qN,2015-08-17 22:37,,,,False,186,False,20,,,,,Tweetbot for iŒüS,False,[],[],[],[]
633407015147036673,126124275,Jonathan Morrison,tldtoday,126557,266,799,1272,False,True,"Los Angeles, CA ",@DetroitBORG true ha,2015-08-17 22:36,,,,False,15,False,2,DetroitBORG,633401725710434304,18657572,,Tweetbot for iŒüS,False,[],[],[],"[{u'id': 18657572, u'indices': [0, 12], u'id_str': u'18657572', u'screen_name': u'DetroitBORG', u'name': u'Michael Kukielka'}]"
633399910495162368,126124275,Jonathan Morrison,tldtoday,126557,266,799,1272,False,True,"Los Angeles, CA ",@Wicked4u2c it‚Äôs a rad camera man,2015-08-17 22:08,,,,False,2,False,0,Wicked4u2c,633399153809326080,577732270,,Tweetbot for iŒüS,False,[],[],[],"[{u'id': 577732270, u'indices': [0, 11], u'id_str': u'577732270', u'screen_name': u'Wicked4u2c', u'name': u'Armando Ferreira'}]"
633399755230482432,126124275,Jonathan Morrison,tldtoday,126557,266,799,1272,False,True,"Los Angeles, CA ",Which would you want to see first? http://t.co/JczZlUXqoK,2015-08-17 22:07,,,,False,84,False,15,,,,,Tweetbot for iŒüS,False,[],"[{u'url': u'http://t.co/JczZlUXqoK', u'indices': [35, 57], u'expanded_url': u'http://strawpoll.me/5242363', u'display_url': u'strawpoll.me/5242363'}]",[],[]
633318792215433216,126124275,Jonathan Morrison,tldtoday,126557,266,799,1272,False,True,"Los Angeles, CA ",@MAZINKHAN2 yeah buddy üëäüèº,2015-08-17 16:45,,,,False,1,False,0,MAZINKHAN2,633307866879799296,566320587,,Tweetbot for iŒüS,False,[],[],[],"[{u'id': 566320587, u'indices': [0, 11], u'id_str': u'566320587', u'screen_name': u'MAZINKHAN2', u'name': u'Mazin Hashim'}]"
633118002301394944,126124275,Jonathan Morrison,tldtoday,126557,266,799,1272,False,True,"Los Angeles, CA ",@Jse_80 lol,2015-08-17 03:27,,,,False,1,False,0,Jse_80,633115476034392065,466068900,,Tweetbot for iŒüS,False,[],[],[],"[{u'id': 466068900, u'indices': [0, 7], u'id_str': u'466068900', u'screen_name': u'Jse_80', u'name': u'Jeramie Edwards'}]"
633111283965886465,126124275,Jonathan Morrison,tldtoday,126557,266,799,1272,False,True,"Los Angeles, CA ",Views for dayzzzz http://t.co/phbdgVpDse,2015-08-17 03:01,,,,False,379,False,50,,,,,Tweetbot for iŒüS,False,[],[],[],[]
633053118092062721,126124275,Jonathan Morrison,tldtoday,126557,266,799,1272,False,True,"Los Angeles, CA ",Of course. I gotchu @MKBHD https://t.co/SpDAU43Nkl,2015-08-16 23:09,,,,False,108,False,10,MKBHD,633052278522515456,29873662,,Tweetbot for iŒüS,False,[],"[{u'url': u'https://t.co/SpDAU43Nkl', u'indices': [28, 51], u'expanded_url': u'https://twitter.com/MKBHD/status/633052278522515456', u'display_url': u'twitter.com/MKBHD/status/6\u2026'}]",[],"[{u'id': 29873662, u'indices': [20, 26], u'id_str': u'29873662', u'screen_name': u'MKBHD', u'name': u'Marques Brownlee'}]"
632982525506289664,126124275,Jonathan Morrison,tldtoday,126557,266,799,1272,False,True,"Los Angeles, CA ",üòÇ more shenanigans on Snapchat: tldtoday http://t.co/gCD34rSKbP,2015-08-16 18:29,,,,False,86,False,10,,,,,Twitter for iPhone,False,[],[],[],[]
632980422327013376,126124275,Jonathan Morrison,tldtoday,126557,266,799,1272,False,True,"Los Angeles, CA ","RT @TechnoloJai: Dear Jonathan @tldtoday, Roses are Red Violets are Blue Your videos are Crisper than fried bacon Sincerely, Jai",2015-08-16 18:21,,,,False,0,False,20,,,,,Tweetbot for iŒüS,False,[],[],[],"[{u'id': 2379539426, u'indices': [3, 15], u'id_str': u'2379539426', u'screen_name': u'TechnoloJai', u'name': u'Jai Bansal'}, {u'id': 126124275, u'indices': [31, 40], u'id_str': u'126124275', u'screen_name': u'tldtoday', u'name': u'Jonathan Morrison'}]"
632783773935910912,126124275,Jonathan Morrison,tldtoday,126557,266,799,1272,False,True,"Los Angeles, CA ",@SrgntBallistic @austinnotduncan you gotta take it if you dish it man haha,2015-08-16 05:19,,,,False,4,False,0,SrgntBallistic,632783569501450240,2251163413,,Tweetbot for iŒüS,False,[],[],[],"[{u'id': 2251163413, u'indices': [0, 15], u'id_str': u'2251163413', u'screen_name': u'SrgntBallistic', u'name': u'Brian R'}, {u'id': 59023203, u'indices': [16, 32], u'id_str': u'59023203', u'screen_name': u'austinnotduncan', u'name': u'Austin Evans'}]"
632783204689141760,126124275,Jonathan Morrison,tldtoday,126557,266,799,1272,False,True,"Los Angeles, CA ","@SrgntBallistic @austinnotduncan that we got to cover a badass car show, while you tweet from home lol",2015-08-16 05:17,,,,False,6,False,0,SrgntBallistic,632782927089303552,2251163413,,Tweetbot for iŒüS,False,[],[],[],"[{u'id': 2251163413, u'indices': [0, 15], u'id_str': u'2251163413', u'screen_name': u'SrgntBallistic', u'name': u'Brian R'}, {u'id': 59023203, u'indices': [16, 32], u'id_str': u'59023203', u'screen_name': u'austinnotduncan', u'name': u'Austin Evans'}]"
632780511610470400,126124275,Jonathan Morrison,tldtoday,126557,266,799,1272,False,True,"Los Angeles, CA ",RT @austinnotduncan: Took this shot of @tldtoday driving to Pebble Beach today. #TeamCrispy approved? http://t.co/TgXBfYB4PN,2015-08-16 05:06,,,,False,0,False,22,,,,,Tweetbot for iŒüS,False,"[{u'indices': [80, 91], u'text': u'TeamCrispy'}]",[],[],"[{u'id': 59023203, u'indices': [3, 19], u'id_str': u'59023203', u'screen_name': u'austinnotduncan', u'name': u'Austin Evans'}, {u'id': 126124275, u'indices': [39, 48], u'id_str': u'126124275', u'screen_name': u'tldtoday', u'name': u'Jonathan Morrison'}]"
632775148995670016,126124275,Jonathan Morrison,tldtoday,126557,266,799,1272,False,True,"Los Angeles, CA ",http://t.co/ksQoKWKWhU,2015-08-16 04:45,,,,False,251,False,31,,,,,Tweetbot for iŒüS,False,[],[],[],[]
632751978146238469,126124275,Jonathan Morrison,tldtoday,126557,266,799,1272,False,True,"Los Angeles, CA ",@Ed_TechSource thanks bro üëäüèº,2015-08-16 03:13,,,,False,7,False,0,Ed_TechSource,632750702075379712,2306006378,,Tweetbot for iŒüS,False,[],[],[],"[{u'id': 2306006378, u'indices': [0, 14], u'id_str': u'2306006378', u'screen_name': u'Ed_TechSource', u'name': u'Edgar Oganesyan'}]"
632750612556333056,126124275,Jonathan Morrison,tldtoday,126557,266,799,1272,False,True,"Los Angeles, CA ",@VincEBeee @austinnotduncan don‚Äôt hate bro lol,2015-08-16 03:07,,,,False,3,False,0,VincEBeee,632750301603237888,763027212,,Tweetbot for iŒüS,False,[],[],[],"[{u'id': 763027212, u'indices': [0, 10], u'id_str': u'763027212', u'screen_name': u'VincEBeee', u'name': u'Function'}, {u'id': 59023203, u'indices': [11, 27], u'id_str': u'59023203', u'screen_name': u'austinnotduncan', u'name': u'Austin Evans'}]"
632749603775868928,126124275,Jonathan Morrison,tldtoday,126557,266,799,1272,False,True,"Los Angeles, CA ",So purrdy http://t.co/43rOMevWAU,2015-08-16 03:03,,,,False,349,False,40,,,,,Tweetbot for iŒüS,False,[],[],[],[]
632748765108023297,126124275,Jonathan Morrison,tldtoday,126557,266,799,1272,False,True,"Los Angeles, CA ",Good gawd http://t.co/mDmS3tv5sq,2015-08-16 03:00,,,,False,226,False,43,,,,,Twitter for iPhone,False,[],[],[],[]
632745365213569024,126124275,Jonathan Morrison,tldtoday,126557,266,799,1272,False,True,"Los Angeles, CA ",:o https://t.co/hZ7Aoa8RYB,2015-08-16 02:47,,,,False,69,False,7,,,,,Tweetbot for iŒüS,False,[],"[{u'url': u'https://t.co/hZ7Aoa8RYB', u'indices': [3, 26], u'expanded_url': u'https://twitter.com/GeekyNerdDad/status/632740008185724928', u'display_url': u'twitter.com/GeekyNerdDad/s\u2026'}]",[],[]
632739450359906304,126124275,Jonathan Morrison,tldtoday,126557,266,799,1272,False,True,"Los Angeles, CA ",Making @austinnotduncan look badass af http://t.co/JSlY50t1AZ,2015-08-16 02:23,,,,False,217,False,16,,,,,Tweetbot for iŒüS,False,[],[],[],"[{u'id': 59023203, u'indices': [7, 23], u'id_str': u'59023203', u'screen_name': u'austinnotduncan', u'name': u'Austin Evans'}]"
632724316614848512,126124275,Jonathan Morrison,tldtoday,126557,266,799,1272,False,True,"Los Angeles, CA ",Correct. @austinnotduncan is a baller. https://t.co/CywcSguEmF,2015-08-16 01:23,,,,False,61,False,5,,,,,Tweetbot for iŒüS,False,[],"[{u'url': u'https://t.co/CywcSguEmF', u'indices': [39, 62], u'expanded_url': u'https://twitter.com/MeowTony/status/632723196421107713', u'display_url': u'twitter.com/MeowTony/statu\u2026'}]",[],"[{u'id': 59023203, u'indices': [9, 25], u'id_str': u'59023203', u'screen_name': u'austinnotduncan', u'name': u'Austin Evans'}]"
632715442843324416,126124275,Jonathan Morrison,tldtoday,126557,266,799,1272,False,True,"Los Angeles, CA ",Which one are me and @austinnotduncan driving? http://t.co/Ls2EV0Qdu9,2015-08-16 00:48,,,,False,232,False,23,,,,,Tweetbot for iŒüS,False,[],[],[],"[{u'id': 59023203, u'indices': [21, 37], u'id_str': u'59023203', u'screen_name': u'austinnotduncan', u'name': u'Austin Evans'}]"
632692959993966592,126124275,Jonathan Morrison,tldtoday,126557,266,799,1272,False,True,"Los Angeles, CA ",@xattack____ looks good!,2015-08-15 23:18,,,,False,1,False,1,xattack____,632692481683918848,2225647723,,Tweetbot for iŒüS,False,[],[],[],"[{u'id': 2225647723, u'indices': [0, 12], u'id_str': u'2225647723', u'screen_name': u'xattack____', u'name': u'Xattack'}]"
632684387415388161,126124275,Jonathan Morrison,tldtoday,126557,266,799,1272,False,True,"Los Angeles, CA ","@austinnotduncan please man please, you never let me",2015-08-15 22:44,,,,False,35,False,5,austinnotduncan,632684308067553280,59023203,,Tweetbot for iŒüS,False,[],[],[],"[{u'id': 59023203, u'indices': [0, 16], u'id_str': u'59023203', u'screen_name': u'austinnotduncan', u'name': u'Austin Evans'}]"
632683511095234561,126124275,Jonathan Morrison,tldtoday,126557,266,799,1272,False,True,"Los Angeles, CA ",@austinnotduncan wish I could have gone :(,2015-08-15 22:41,,,,False,30,False,5,austinnotduncan,632683269356580865,59023203,,Tweetbot for iŒüS,False,[],[],[],"[{u'id': 59023203, u'indices': [0, 16], u'id_str': u'59023203', u'screen_name': u'austinnotduncan', u'name': u'Austin Evans'}]"
632683441453072384,126124275,Jonathan Morrison,tldtoday,126557,266,799,1272,False,True,"Los Angeles, CA ",@runanteldat @InfinitiUSA super nice haha,2015-08-15 22:41,,,,False,2,False,0,runanteldat,632677576507543552,234641434,,Tweetbot for iŒüS,False,[],[],[],"[{u'id': 234641434, u'indices': [0, 12], u'id_str': u'234641434', u'screen_name': u'runanteldat', u'name': u'Myrikal Rice'}, {u'id': 36472130, u'indices': [13, 25], u'id_str': u'36472130', u'screen_name': u'InfinitiUSA', u'name': u'Infiniti USA'}]"
632683373937324033,126124275,Jonathan Morrison,tldtoday,126557,266,799,1272,False,True,"Los Angeles, CA ",@Matthiasiam sure did ha! Lone Cypress Tree,2015-08-15 22:40,,,,False,4,False,0,Matthiasiam,632648849723559936,44184316,,Tweetbot for iŒüS,False,[],[],[],"[{u'id': 44184316, u'indices': [0, 12], u'id_str': u'44184316', u'screen_name': u'Matthiasiam', u'name': u'Matthias'}]"
632677090358198272,126124275,Jonathan Morrison,tldtoday,126557,266,799,1272,False,True,"Los Angeles, CA ",RT if you‚Äôd drive this! This bad boy is the @InfinitiUSA #QX30 Concept. So sexy. #sp https://t.co/PwOO7z6fit http://t.co/s7Q9WjbDVE,2015-08-15 22:15,,,,False,539,False,349,,,,,Tweetbot for iŒüS,False,"[{u'indices': [58, 63], u'text': u'QX30'}, {u'indices': [82, 85], u'text': u'sp'}]","[{u'url': u'https://t.co/PwOO7z6fit', u'indices': [87, 110], u'expanded_url': u'https://instagram.com/p/6a243OoQXD/', u'display_url': u'instagram.com/p/6a243OoQXD/'}]",[],"[{u'id': 36472130, u'indices': [45, 57], u'id_str': u'36472130', u'screen_name': u'InfinitiUSA', u'name': u'Infiniti USA'}]"
632675251428524032,126124275,Jonathan Morrison,tldtoday,126557,266,799,1272,False,True,"Los Angeles, CA ",@xattack____ üëåüèº,2015-08-15 22:08,,,,False,0,False,0,xattack____,632673055316115456,2225647723,,Tweetbot for iŒüS,False,[],[],[],"[{u'id': 2225647723, u'indices': [0, 12], u'id_str': u'2225647723', u'screen_name': u'xattack____', u'name': u'Xattack'}]"
632675033249255424,126124275,Jonathan Morrison,tldtoday,126557,266,799,1272,False,True,"Los Angeles, CA ",@Wicked4u2c yup!,2015-08-15 22:07,,,,False,1,False,0,Wicked4u2c,632651415555436544,577732270,,Tweetbot for iŒüS,False,[],[],[],"[{u'id': 577732270, u'indices': [0, 11], u'id_str': u'577732270', u'screen_name': u'Wicked4u2c', u'name': u'Armando Ferreira'}]"
632648611315093504,126124275,Jonathan Morrison,tldtoday,126557,266,799,1272,False,True,"Los Angeles, CA ",Decent view haha. http://t.co/3VuyLIiPzf,2015-08-15 20:22,,,,False,302,False,29,,,,,Tweetbot for iŒüS,False,[],[],[],[]
632443879879405568,126124275,Jonathan Morrison,tldtoday,126557,266,799,1272,False,True,"Los Angeles, CA ",@austinnotduncan don‚Äôt lie bro lol,2015-08-15 06:49,,,,False,111,False,8,austinnotduncan,632428999449272320,59023203,,Tweetbot for iŒüS,False,[],[],[],"[{u'id': 59023203, u'indices': [0, 16], u'id_str': u'59023203', u'screen_name': u'austinnotduncan', u'name': u'Austin Evans'}]"
632402613267337216,126124275,Jonathan Morrison,tldtoday,126557,266,799,1272,False,True,"Los Angeles, CA ",Literal lightning cable http://t.co/hKAEw3HcX1,2015-08-15 04:05,,,,False,387,False,156,,,,,Twitter for iPhone,False,[],[],[],[]
632402196596789248,126124275,Jonathan Morrison,tldtoday,126557,266,799,1272,False,True,"Los Angeles, CA ",@HeyMarkL @austinnotduncan we‚Äôre in Nor Cal haha,2015-08-15 04:03,,,,False,2,False,0,HeyMarkL,632401582777237505,37261200,,Tweetbot for iŒüS,False,[],[],[],"[{u'id': 37261200, u'indices': [0, 9], u'id_str': u'37261200', u'screen_name': u'HeyMarkL', u'name': u'Mark Linsangan'}, {u'id': 59023203, u'indices': [10, 26], u'id_str': u'59023203', u'screen_name': u'austinnotduncan', u'name': u'Austin Evans'}]"
632400965539270656,126124275,Jonathan Morrison,tldtoday,126557,266,799,1272,False,True,"Los Angeles, CA ",GOAT Note 5 Wallpaper ft. @austinnotduncan http://t.co/vCAN6aAWrq,2015-08-15 03:58,,,,False,157,False,26,,,,,Twitter for iPhone,False,[],[],[],"[{u'id': 59023203, u'indices': [26, 42], u'id_str': u'59023203', u'screen_name': u'austinnotduncan', u'name': u'Austin Evans'}]"
632396655292104704,126124275,Jonathan Morrison,tldtoday,126557,266,799,1272,False,True,"Los Angeles, CA ",@TeQreation tempting ha,2015-08-15 03:41,,,,False,0,False,0,TeQreation,632396124700213248,3106825973,,Tweetbot for iŒüS,False,[],[],[],"[{u'id': 3106825973, u'indices': [0, 11], u'id_str': u'3106825973', u'screen_name': u'TeQreation', u'name': u'Jeremy Quinones '}]"
632395451606536193,126124275,Jonathan Morrison,tldtoday,126557,266,799,1272,False,True,"Los Angeles, CA ",Fancy looking http://t.co/C39EYjUSJe,2015-08-15 03:36,,,,False,235,False,23,,,,,Tweetbot for iŒüS,False,[],[],[],[]
632380850751975424,126124275,Jonathan Morrison,tldtoday,126557,266,799,1272,False,True,"Los Angeles, CA ",@coolmax9000 haha,2015-08-15 02:38,,,,False,0,False,0,coolmax9000,632379850741956608,2858189501,,Tweetbot for iŒüS,False,[],[],[],"[{u'id': 2858189501, u'indices': [0, 12], u'id_str': u'2858189501', u'screen_name': u'coolmax9000', u'name': u'Max Barth'}]"
632379519140106240,126124275,Jonathan Morrison,tldtoday,126557,266,799,1272,False,True,"Los Angeles, CA ",‚ÄòCopter tweeting http://t.co/k751cLmzk4,2015-08-15 02:33,,,,False,250,False,22,,,,,Tweetbot for iŒüS,False,[],[],[],[]
632357172509196292,126124275,Jonathan Morrison,tldtoday,126557,266,799,1272,False,True,"Los Angeles, CA ",@MKBHD only way to do it haha,2015-08-15 01:04,,,,False,111,False,8,MKBHD,632355256442204160,29873662,,Tweetbot for iŒüS,False,[],[],[],"[{u'id': 29873662, u'indices': [0, 6], u'id_str': u'29873662', u'screen_name': u'MKBHD', u'name': u'Marques Brownlee'}]"
632357143287468033,126124275,Jonathan Morrison,tldtoday,126557,266,799,1272,False,True,"Los Angeles, CA ",RT @MKBHD: @tldtoday I knew my super legit verified Instagram account would work,2015-08-15 01:04,,,,False,0,False,24,,,,,Tweetbot for iŒüS,False,[],[],[],"[{u'id': 29873662, u'indices': [3, 9], u'id_str': u'29873662', u'screen_name': u'MKBHD', u'name': u'Marques Brownlee'}, {u'id': 126124275, u'indices': [11, 20], u'id_str': u'126124275', u'screen_name': u'tldtoday', u'name': u'Jonathan Morrison'}]"
632352803562721280,126124275,Jonathan Morrison,tldtoday,126557,266,799,1272,False,True,"Los Angeles, CA ",Let‚Äôs do it @MKBHD http://t.co/Hot1iGBGEl,2015-08-15 00:47,,,,False,420,False,28,,,,,Tweetbot for iŒüS,False,[],[],[],"[{u'id': 29873662, u'indices': [12, 18], u'id_str': u'29873662', u'screen_name': u'MKBHD', u'name': u'Marques Brownlee'}]"
632320418217459713,126124275,Jonathan Morrison,tldtoday,126557,266,799,1272,False,True,"Los Angeles, CA ",@Victorford317 yeah,2015-08-14 22:38,,,,False,2,False,0,Victorford317,632314491565314048,1682182675,,Tweetbot for iŒüS,False,[],[],[],"[{u'id': 1682182675, u'indices': [0, 14], u'id_str': u'1682182675', u'screen_name': u'Victorford317', u'name': u'Itzyourboyvictor'}]"
632320404103651333,126124275,Jonathan Morrison,tldtoday,126557,266,799,1272,False,True,"Los Angeles, CA ",@blessedsandwich @MKBHD lol,2015-08-14 22:38,,,,False,0,False,0,blessedsandwich,632313968590258176,1329965935,,Tweetbot for iŒüS,False,[],[],[],"[{u'id': 1329965935, u'indices': [0, 16], u'id_str': u'1329965935', u'screen_name': u'blessedsandwich', u'name': u'easymoneysandwich'}, {u'id': 29873662, u'indices': [17, 23], u'id_str': u'29873662', u'screen_name': u'MKBHD', u'name': u'Marques Brownlee'}]"
632307239374553088,126124275,Jonathan Morrison,tldtoday,126557,266,799,1272,False,True,"Los Angeles, CA ",@jacqsays 10% of the time haha,2015-08-14 21:46,,,,False,0,False,0,jacqsays,632306636766507008,18381027,,Tweetbot for iŒüS,False,[],[],[],"[{u'id': 18381027, u'indices': [0, 9], u'id_str': u'18381027', u'screen_name': u'jacqsays', u'name': u'Jacqueline Ireton'}]"
632305211126603777,126124275,Jonathan Morrison,tldtoday,126557,266,799,1272,False,True,"Los Angeles, CA ",Monterey Bae http://t.co/ZyoHwczFYG,2015-08-14 21:38,,,,False,203,False,25,,,,,Tweetbot for iŒüS,False,[],[],[],[]
632299380482007040,126124275,Jonathan Morrison,tldtoday,126557,266,799,1272,False,True,"Los Angeles, CA ",@trklja_luka tldtoday,2015-08-14 21:14,,,,False,1,False,0,trklja_luka,632298982270763008,1846526792,,Tweetbot for iŒüS,False,[],[],[],"[{u'id': 1846526792, u'indices': [0, 12], u'id_str': u'1846526792', u'screen_name': u'trklja_luka', u'name': u'Luka Trklja'}]"
632298793870884864,126124275,Jonathan Morrison,tldtoday,126557,266,799,1272,False,True,"Los Angeles, CA ",In a helicopter‚Ä¶ nbd https://t.co/PXHmX9e1YB http://t.co/egxE9gEYOm,2015-08-14 21:12,,,,False,159,False,16,,,,,Tweetbot for iŒüS,False,[],"[{u'url': u'https://t.co/PXHmX9e1YB', u'indices': [21, 44], u'expanded_url': u'https://twitter.com/austinnotduncan/status/632297336731865092', u'display_url': u'twitter.com/austinnotdunca\u2026'}]",[],[]
632298499678146560,126124275,Jonathan Morrison,tldtoday,126557,266,799,1272,False,True,"Los Angeles, CA ",@trklja_luka it‚Äôs awesome lol,2015-08-14 21:11,,,,False,1,False,0,trklja_luka,632297368533233664,1846526792,,Tweetbot for iŒüS,False,[],[],[],"[{u'id': 1846526792, u'indices': [0, 12], u'id_str': u'1846526792', u'screen_name': u'trklja_luka', u'name': u'Luka Trklja'}]"
632297438804471808,126124275,Jonathan Morrison,tldtoday,126557,266,799,1272,False,True,"Los Angeles, CA ",@TheBengineer followed,2015-08-14 21:07,,,,False,0,False,0,TheBengineer,632294911857922048,68335290,,Tweetbot for iŒüS,False,[],[],[],"[{u'id': 68335290, u'indices': [0, 13], u'id_str': u'68335290', u'screen_name': u'TheBengineer', u'name': u'Ben Forman'}]"
632287185509593089,126124275,Jonathan Morrison,tldtoday,126557,266,799,1272,False,True,"Los Angeles, CA ",RT if you wish your grandma was this cool http://t.co/VPKS0MxgVh,2015-08-14 20:26,,,,False,453,False,195,,,,,Tweetbot for iŒüS,False,[],[],[],[]
632286849625554944,126124275,Jonathan Morrison,tldtoday,126557,266,799,1272,False,True,"Los Angeles, CA ",@Jon4Lakers @DetroitBORG crispy all day everyday,2015-08-14 20:25,,,,False,12,False,1,Jon4Lakers,632284499166887936,15661911,,Tweetbot for iŒüS,False,[],[],[],"[{u'id': 15661911, u'indices': [0, 11], u'id_str': u'15661911', u'screen_name': u'Jon4Lakers', u'name': u'Jon Rettinger'}, {u'id': 18657572, u'indices': [12, 24], u'id_str': u'18657572', u'screen_name': u'DetroitBORG', u'name': u'Michael Kukielka'}]"
632284341700177920,126124275,Jonathan Morrison,tldtoday,126557,266,799,1272,False,True,"Los Angeles, CA ",@SultanAlFardan budget for lens?,2015-08-14 20:15,,,,False,0,False,0,SultanAlFardan,632284032651292672,291307557,,Tweetbot for iŒüS,False,[],[],[],"[{u'id': 291307557, u'indices': [0, 15], u'id_str': u'291307557', u'screen_name': u'SultanAlFardan', u'name': u'Sultan AlFaRdan'}]"
632284280131993600,126124275,Jonathan Morrison,tldtoday,126557,266,799,1272,False,True,"Los Angeles, CA ",@Jon4Lakers @DetroitBORG B-ROLL for dayzzzz,2015-08-14 20:14,,,,False,3,False,1,Jon4Lakers,632283885217296385,15661911,,Tweetbot for iŒüS,False,[],[],[],"[{u'id': 15661911, u'indices': [0, 11], u'id_str': u'15661911', u'screen_name': u'Jon4Lakers', u'name': u'Jon Rettinger'}, {u'id': 18657572, u'indices': [12, 24], u'id_str': u'18657572', u'screen_name': u'DetroitBORG', u'name': u'Michael Kukielka'}]"
632283212257980416,126124275,Jonathan Morrison,tldtoday,126557,266,799,1272,False,True,"Los Angeles, CA ",@DetroitBORG yeah I hear you. Thumbnails are an art of their own haha,2015-08-14 20:10,,,,False,16,False,1,DetroitBORG,632283101834674176,18657572,,Tweetbot for iŒüS,False,[],[],[],"[{u'id': 18657572, u'indices': [0, 12], u'id_str': u'18657572', u'screen_name': u'DetroitBORG', u'name': u'Michael Kukielka'}]"
632282925573083137,126124275,Jonathan Morrison,tldtoday,126557,266,799,1272,False,True,"Los Angeles, CA ",@DetroitBORG I feel like the back 1+ logo is more signature for the phone too if you want to mess with that,2015-08-14 20:09,,,,False,6,False,0,DetroitBORG,632281823783972864,18657572,,Tweetbot for iŒüS,False,[],[],[],"[{u'id': 18657572, u'indices': [0, 12], u'id_str': u'18657572', u'screen_name': u'DetroitBORG', u'name': u'Michael Kukielka'}]"
632282712280199168,126124275,Jonathan Morrison,tldtoday,126557,266,799,1272,False,True,"Los Angeles, CA ",True story https://t.co/dGEQRsfIx3,2015-08-14 20:08,,,,False,48,False,3,,,,,Tweetbot for iŒüS,False,[],"[{u'url': u'https://t.co/dGEQRsfIx3', u'indices': [12, 35], u'expanded_url': u'https://twitter.com/TWHDKJ/status/632282302899359744', u'display_url': u'twitter.com/TWHDKJ/status/\u2026'}]",[],[]
632282496869072897,126124275,Jonathan Morrison,tldtoday,126557,266,799,1272,False,True,"Los Angeles, CA ",@DetroitBORG photoshop or new bg? Haha I think maybe a gradient light gray?,2015-08-14 20:07,,,,False,18,False,1,DetroitBORG,632281823783972864,18657572,,Tweetbot for iŒüS,False,[],[],[],"[{u'id': 18657572, u'indices': [0, 12], u'id_str': u'18657572', u'screen_name': u'DetroitBORG', u'name': u'Michael Kukielka'}]"
632281711368253440,126124275,Jonathan Morrison,tldtoday,126557,266,799,1272,False,True,"Los Angeles, CA ",@Wicked4u2c your iPhone case can wait another day man lol,2015-08-14 20:04,,,,False,6,False,0,Wicked4u2c,632281522897207296,577732270,,Tweetbot for iŒüS,False,[],[],[],"[{u'id': 577732270, u'indices': [0, 11], u'id_str': u'577732270', u'screen_name': u'Wicked4u2c', u'name': u'Armando Ferreira'}]"
632281476327849984,126124275,Jonathan Morrison,tldtoday,126557,266,799,1272,False,True,"Los Angeles, CA ","@DetroitBORG @Jon4Lakers dude, I feel you. It‚Äôs going to be bonkers haha",2015-08-14 20:03,,,,False,11,False,2,DetroitBORG,632281058684211200,18657572,,Tweetbot for iŒüS,False,[],[],[],"[{u'id': 18657572, u'indices': [0, 12], u'id_str': u'18657572', u'screen_name': u'DetroitBORG', u'name': u'Michael Kukielka'}, {u'id': 15661911, u'indices': [13, 24], u'id_str': u'15661911', u'screen_name': u'Jon4Lakers', u'name': u'Jon Rettinger'}]"
632281382195064833,126124275,Jonathan Morrison,tldtoday,126557,266,799,1272,False,True,"Los Angeles, CA ",i cri evrytiem https://t.co/RfhCFNyA2Y http://t.co/sgRaFUEBWf,2015-08-14 20:03,,,,False,141,False,19,,,,,Tweetbot for iŒüS,False,[],"[{u'url': u'https://t.co/RfhCFNyA2Y', u'indices': [16, 39], u'expanded_url': u'https://twitter.com/hannadosman13/status/632279407269425152', u'display_url': u'twitter.com/hannadosman13/\u2026'}]",[],[]
632280775711309824,126124275,Jonathan Morrison,tldtoday,126557,266,799,1272,False,True,"Los Angeles, CA ",@DetroitBORG @Jon4Lakers hey man that‚Äôs a good pace for those detailed videos!,2015-08-14 20:00,,,,False,9,False,1,DetroitBORG,632280212995198976,18657572,,Tweetbot for iŒüS,False,[],[],[],"[{u'id': 18657572, u'indices': [0, 12], u'id_str': u'18657572', u'screen_name': u'DetroitBORG', u'name': u'Michael Kukielka'}, {u'id': 15661911, u'indices': [13, 24], u'id_str': u'15661911', u'screen_name': u'Jon4Lakers', u'name': u'Jon Rettinger'}]"
632279629705773057,126124275,Jonathan Morrison,tldtoday,126557,266,799,1272,False,True,"Los Angeles, CA ",@DetroitBORG np! Glad to see you whipping them videos out!,2015-08-14 19:56,,,,False,9,False,1,DetroitBORG,632278720095649793,18657572,,Tweetbot for iŒüS,False,[],[],[],"[{u'id': 18657572, u'indices': [0, 12], u'id_str': u'18657572', u'screen_name': u'DetroitBORG', u'name': u'Michael Kukielka'}]"
632279281683435520,126124275,Jonathan Morrison,tldtoday,126557,266,799,1272,False,True,"Los Angeles, CA ",@DetroitBORG right‚Ä¶left would be dope with a lighter bg,2015-08-14 19:55,,,,False,19,False,1,DetroitBORG,632278720095649793,18657572,,Tweetbot for iŒüS,False,[],[],[],"[{u'id': 18657572, u'indices': [0, 12], u'id_str': u'18657572', u'screen_name': u'DetroitBORG', u'name': u'Michael Kukielka'}]"
632273509675196416,126124275,Jonathan Morrison,tldtoday,126557,266,799,1272,False,True,"Los Angeles, CA ",@Hhj9521 üòÄ,2015-08-14 19:32,,,,False,0,False,0,Hhj9521,632272868710088704,55519796,,Tweetbot for iŒüS,False,[],[],[],"[{u'id': 55519796, u'indices': [0, 8], u'id_str': u'55519796', u'screen_name': u'Hhj9521', u'name': u'Huzaifa Jafferji'}]"
632273472710819840,126124275,Jonathan Morrison,tldtoday,126557,266,799,1272,False,True,"Los Angeles, CA ",@Luis_GVN haha,2015-08-14 19:31,,,,False,1,False,0,Luis_GVN,632272987794702336,119291248,,Tweetbot for iŒüS,False,[],[],[],"[{u'id': 119291248, u'indices': [0, 9], u'id_str': u'119291248', u'screen_name': u'Luis_GVN', u'name': u'Luis Alamilla'}]"
632272601922932736,126124275,Jonathan Morrison,tldtoday,126557,266,799,1272,False,True,"Los Angeles, CA ",Stoked you guys loved the Snapchat integration in the latest video. Was a ton of fun. Definitely doing again! http://t.co/RG3WBgAjmg,2015-08-14 19:28,,,,False,120,False,8,,,,,Tweetbot for iŒüS,False,[],[],[],[]
632256119172304896,126124275,Jonathan Morrison,tldtoday,126557,266,799,1272,False,True,"Los Angeles, CA ",@justinmaller :o,2015-08-14 18:23,,,,False,10,False,2,justinmaller,632255202368880641,24977940,,Tweetbot for iŒüS,False,[],[],[],"[{u'id': 24977940, u'indices': [0, 13], u'id_str': u'24977940', u'screen_name': u'justinmaller', u'name': u'Justin Maller'}]"
632251323627405312,126124275,Jonathan Morrison,tldtoday,126557,266,799,1272,False,True,"Los Angeles, CA ",@VIVSNO budget?,2015-08-14 18:03,,,,False,0,False,0,VIVSNO,632250739755106304,2904673080,,Tweetbot for iŒüS,False,[],[],[],"[{u'id': 2904673080, u'indices': [0, 7], u'id_str': u'2904673080', u'screen_name': u'VIVSNO', u'name': u'Viveksunderraj'}]"
632250692770533376,126124275,Jonathan Morrison,tldtoday,126557,266,799,1272,False,True,"Los Angeles, CA ",@Jon4Lakers brb coming over,2015-08-14 18:01,,,,False,36,False,3,Jon4Lakers,632249757600104448,15661911,,Tweetbot for iŒüS,False,[],[],[],"[{u'id': 15661911, u'indices': [0, 11], u'id_str': u'15661911', u'screen_name': u'Jon4Lakers', u'name': u'Jon Rettinger'}]"
632250348577488896,126124275,Jonathan Morrison,tldtoday,126557,266,799,1272,False,True,"Los Angeles, CA ",@ZannPettitt crispy potato lol,2015-08-14 18:00,,,,False,1,False,1,ZannPettitt,632250236589752320,2570408360,,Tweetbot for iŒüS,False,[],[],[],"[{u'id': 2570408360, u'indices': [0, 12], u'id_str': u'2570408360', u'screen_name': u'ZannPettitt', u'name': u'Zann Pettitt'}]"
632249694098358272,126124275,Jonathan Morrison,tldtoday,126557,266,799,1272,False,True,"Los Angeles, CA ",A+ for recreation haha https://t.co/7sOaKqdZJH http://t.co/YjjEtvA0aY,2015-08-14 17:57,,,,False,139,False,19,,,,,Tweetbot for iŒüS,False,[],"[{u'url': u'https://t.co/7sOaKqdZJH', u'indices': [23, 46], u'expanded_url': u'https://twitter.com/Hhj9521/status/632249209350057984', u'display_url': u'twitter.com/Hhj9521/status\u2026'}]",[],[]
632246566032543744,126124275,Jonathan Morrison,tldtoday,126557,266,799,1272,False,True,"Los Angeles, CA ",Three amigos! http://t.co/vNATILTbMk,2015-08-14 17:45,,,,False,262,False,36,,,,,Tweetbot for iŒüS,False,[],[],[],[]
632229447249231873,126124275,Jonathan Morrison,tldtoday,126557,266,799,1272,False,True,"Los Angeles, CA ",@ShiyalAbhi üòÄüëäüèº,2015-08-14 16:37,,,,False,0,False,0,ShiyalAbhi,632229221687922688,2909845669,,Tweetbot for iŒüS,False,[],[],[],"[{u'id': 2909845669, u'indices': [0, 11], u'id_str': u'2909845669', u'screen_name': u'ShiyalAbhi', u'name': u'Abhishek Shiyal'}]"
632226835783290882,126124275,Jonathan Morrison,tldtoday,126557,266,799,1272,False,True,"Los Angeles, CA ",@SidPittie üëäüèº,2015-08-14 16:26,,,,False,0,False,0,SidPittie,632225686145511428,2466372679,,Tweetbot for iŒüS,False,[],[],[],"[{u'id': 2466372679, u'indices': [0, 10], u'id_str': u'2466372679', u'screen_name': u'SidPittie', u'name': u'Siddharth Pittie'}]"
632225354178957312,126124275,Jonathan Morrison,tldtoday,126557,266,799,1272,False,True,"Los Angeles, CA ",If you missed it last night - 48 Hours with the OnePlus 2! https://t.co/ZVzyQll0eG http://t.co/tEp9WTQgwv,2015-08-14 16:20,,,,False,132,False,35,,,,,Tweetbot for iŒüS,False,[],"[{u'url': u'https://t.co/ZVzyQll0eG', u'indices': [59, 82], u'expanded_url': u'https://youtu.be/rjJYoLhiAno', u'display_url': u'youtu.be/rjJYoLhiAno'}]",[],[]
632191594708381697,126124275,Jonathan Morrison,tldtoday,126557,266,799,1272,False,True,"Los Angeles, CA ",@its_apollo99 thanks a bunch!,2015-08-14 14:06,,,,False,0,False,0,its_apollo99,632191467897925632,2778831059,,Tweetbot for Mac,False,[],[],[],"[{u'id': 2778831059, u'indices': [0, 13], u'id_str': u'2778831059', u'screen_name': u'its_apollo99', u'name': u'Miguel | Apollo'}]"
632190300190982144,126124275,Jonathan Morrison,tldtoday,126557,266,799,1272,False,True,"Los Angeles, CA ",@JeffTutorials np! :D Thanks bro,2015-08-14 14:01,,,,False,1,False,0,JeffTutorials,632190168997433344,2694154514,,Tweetbot for Mac,False,[],[],[],"[{u'id': 2694154514, u'indices': [0, 14], u'id_str': u'2694154514', u'screen_name': u'JeffTutorials', u'name': u'Jeff'}]"
632189888733904896,126124275,Jonathan Morrison,tldtoday,126557,266,799,1272,False,True,"Los Angeles, CA ",@its_apollo99 sup!,2015-08-14 13:59,,,,False,0,False,0,its_apollo99,632189630209728512,2778831059,,Tweetbot for Mac,False,[],[],[],"[{u'id': 2778831059, u'indices': [0, 13], u'id_str': u'2778831059', u'screen_name': u'its_apollo99', u'name': u'Miguel | Apollo'}]"
632189873487654912,126124275,Jonathan Morrison,tldtoday,126557,266,799,1272,False,True,"Los Angeles, CA ",@JeffTutorials http://t.co/DV07C3zpFu,2015-08-14 13:59,,,,False,3,False,1,JeffTutorials,632189481408303104,2694154514,,Tweetbot for Mac,False,[],"[{u'url': u'http://t.co/DV07C3zpFu', u'indices': [15, 37], u'expanded_url': u'http://audiojungle.net/item/back-to-life/10673045', u'display_url': u'audiojungle.net/item/back-to-l\u2026'}]",[],"[{u'id': 2694154514, u'indices': [0, 14], u'id_str': u'2694154514', u'screen_name': u'JeffTutorials', u'name': u'Jeff'}]"
632189386231148544,126124275,Jonathan Morrison,tldtoday,126557,266,799,1272,False,True,"Los Angeles, CA ",@JeffTutorials It‚Äôs off audio jungle,2015-08-14 13:57,,,,False,0,False,0,JeffTutorials,632189297752453120,2694154514,,Tweetbot for Mac,False,[],[],[],"[{u'id': 2694154514, u'indices': [0, 14], u'id_str': u'2694154514', u'screen_name': u'JeffTutorials', u'name': u'Jeff'}]"
632188855957848064,126124275,Jonathan Morrison,tldtoday,126557,266,799,1272,False,True,"Los Angeles, CA ",Part of me hopes this guy is serious haha http://t.co/NSIoL8SawX,2015-08-14 13:55,,,,False,247,False,33,,,,,Tweetbot for Mac,False,[],[],[],[]
632173055003852800,126124275,Jonathan Morrison,tldtoday,126557,266,799,1272,False,True,"Los Angeles, CA ",@eddboi455 üòÄüëäüèº,2015-08-14 12:52,,,,False,1,False,0,eddboi455,632154307098361856,89936752,,Tweetbot for iŒüS,False,[],[],[],"[{u'id': 89936752, u'indices': [0, 10], u'id_str': u'89936752', u'screen_name': u'eddboi455', u'name': u'Edward Charles'}]"
632172855099191296,126124275,Jonathan Morrison,tldtoday,126557,266,799,1272,False,True,"Los Angeles, CA ",@rupam_konar üëäüèº,2015-08-14 12:52,,,,False,0,False,0,rupam_konar,632117846122758144,159447142,,Tweetbot for iŒüS,False,[],[],[],"[{u'id': 159447142, u'indices': [0, 12], u'id_str': u'159447142', u'screen_name': u'rupam_konar', u'name': u'Rupam Konar'}]"
632172776116215808,126124275,Jonathan Morrison,tldtoday,126557,266,799,1272,False,True,"Los Angeles, CA ",@SuperSaf and I‚Äôm up ha,2015-08-14 12:51,,,,False,1,False,0,SuperSaf,632115390496276480,28090436,,Tweetbot for iŒüS,False,[],[],[],"[{u'id': 28090436, u'indices': [0, 9], u'id_str': u'28090436', u'screen_name': u'SuperSaf', u'name': u'SuperSaf'}]"
632112260433866752,126124275,Jonathan Morrison,tldtoday,126557,266,799,1272,False,True,"Los Angeles, CA ","It got too late, too quick. Gotta be up early and that‚Äôs gonna suck ha. Night peeps.",2015-08-14 08:51,,,,False,112,False,10,,,,,Tweetbot for Mac,False,[],[],[],[]
632102651778326528,126124275,Jonathan Morrison,tldtoday,126557,266,799,1272,False,True,"Los Angeles, CA ",@narendramali1 it does not,2015-08-14 08:13,,,,False,1,False,0,narendramali1,632099727064993792,57335849,,Tweetbot for iŒüS,False,[],[],[],"[{u'id': 57335849, u'indices': [0, 14], u'id_str': u'57335849', u'screen_name': u'narendramali1', u'name': u'Narendra Mali'}]"
632099842777485312,126124275,Jonathan Morrison,tldtoday,126557,266,799,1272,False,True,"Los Angeles, CA ",@LamarrWilson @austinnotduncan haha!,2015-08-14 08:02,,,,False,4,False,1,LamarrWilson,632099412387368964,43849871,,Tweetbot for iŒüS,False,[],[],[],"[{u'id': 43849871, u'indices': [0, 13], u'id_str': u'43849871', u'screen_name': u'LamarrWilson', u'name': u'Lamarr Wilson'}, {u'id': 59023203, u'indices': [14, 30], u'id_str': u'59023203', u'screen_name': u'austinnotduncan', u'name': u'Austin Evans'}]"
632099109986369536,126124275,Jonathan Morrison,tldtoday,126557,266,799,1272,False,True,"Los Angeles, CA ",@jkkleo19 üëäüèº,2015-08-14 07:59,,,,False,1,False,0,jkkleo19,632095995048779776,2945227748,,Tweetbot for iŒüS,False,[],[],[],"[{u'id': 2945227748, u'indices': [0, 9], u'id_str': u'2945227748', u'screen_name': u'jkkleo19', u'name': u'leo'}]"
632092673734610944,126124275,Jonathan Morrison,tldtoday,126557,266,799,1272,False,True,"Los Angeles, CA ",@JakeReid69 tomorrow morning!,2015-08-14 07:33,,,,False,0,False,0,JakeReid69,632091402525020160,2492116225,,Tweetbot for iŒüS,False,[],[],[],"[{u'id': 2492116225, u'indices': [0, 11], u'id_str': u'2492116225', u'screen_name': u'JakeReid69', u'name': u'Jake Reid'}]"
632090587483672577,126124275,Jonathan Morrison,tldtoday,126557,266,799,1272,False,True,"Los Angeles, CA ",@ArshanShahid T1.5!,2015-08-14 07:25,,,,False,1,False,0,ArshanShahid,632090357027635200,1495849832,,Tweetbot for iŒüS,False,[],[],[],"[{u'id': 1495849832, u'indices': [0, 13], u'id_str': u'1495849832', u'screen_name': u'ArshanShahid', u'name': u'Arshan Shahid'}]"
632090240493056001,126124275,Jonathan Morrison,tldtoday,126557,266,799,1272,False,True,"Los Angeles, CA ",@thewalkingkenny haha,2015-08-14 07:23,,,,False,0,False,1,thewalkingkenny,632090041494323200,379442434,,Tweetbot for iŒüS,False,[],[],[],"[{u'id': 379442434, u'indices': [0, 16], u'id_str': u'379442434', u'screen_name': u'thewalkingkenny', u'name': u'Kenny Soriano'}]"
632090021097398272,126124275,Jonathan Morrison,tldtoday,126557,266,799,1272,False,True,"Los Angeles, CA ",@nweranj it‚Äôs solid and I don‚Äôt have a One but will get a hold soon,2015-08-14 07:22,,,,False,1,False,0,nweranj,632089501683216384,2526003091,,Tweetbot for iŒüS,False,[],[],[],"[{u'id': 2526003091, u'indices': [0, 8], u'id_str': u'2526003091', u'screen_name': u'nweranj', u'name': u'Nweran Jaber'}]"
632089830667587586,126124275,Jonathan Morrison,tldtoday,126557,266,799,1272,False,True,"Los Angeles, CA ",@ChadSaechao Sony fs7 and a couple shots were with the A7r II,2015-08-14 07:22,,,,False,0,False,0,ChadSaechao,632089157385383937,152730585,,Tweetbot for iŒüS,False,[],[],[],"[{u'id': 152730585, u'indices': [0, 12], u'id_str': u'152730585', u'screen_name': u'ChadSaechao', u'name': u'Chad Saechao'}]"
632089726388826112,126124275,Jonathan Morrison,tldtoday,126557,266,799,1272,False,True,"Los Angeles, CA ",@adammajorcsik Philips hue,2015-08-14 07:21,,,,False,1,False,0,adammajorcsik,632088793269596161,52439617,,Tweetbot for iŒüS,False,[],[],[],"[{u'id': 52439617, u'indices': [0, 14], u'id_str': u'52439617', u'screen_name': u'adammajorcsik', u'name': u'Adam Majorcsik'}]"
632089648743911424,126124275,Jonathan Morrison,tldtoday,126557,266,799,1272,False,True,"Los Angeles, CA ",In 36 states! https://t.co/aMQwbob9cm,2015-08-14 07:21,,,,False,71,False,5,,,,,Tweetbot for iŒüS,False,[],"[{u'url': u'https://t.co/aMQwbob9cm', u'indices': [14, 37], u'expanded_url': u'https://twitter.com/w0rder/status/632088528160227328', u'display_url': u'twitter.com/w0rder/status/\u2026'}]",[],[]
632089545010360320,126124275,Jonathan Morrison,tldtoday,126557,266,799,1272,False,True,"Los Angeles, CA ",@Awkweird_Kidd lol,2015-08-14 07:21,,,,False,0,False,0,Awkweird_Kidd,632088478281371648,2844735499,,Tweetbot for iŒüS,False,[],[],[],"[{u'id': 2844735499, u'indices': [0, 14], u'id_str': u'2844735499', u'screen_name': u'Awkweird_Kidd', u'name': u'Kayla McKnight'}]"
632087857511829505,126124275,Jonathan Morrison,tldtoday,126557,266,799,1272,False,True,"Los Angeles, CA ",Such a #crispy shot. http://t.co/kIcjHOW4sq,2015-08-14 07:14,,,,False,333,False,40,,,,,Tweetbot for iŒüS,False,"[{u'indices': [7, 14], u'text': u'crispy'}]",[],[],[]
632085972960718848,126124275,Jonathan Morrison,tldtoday,126557,266,799,1272,False,True,"Los Angeles, CA ","@BenMerriman16 haha! Nice, I‚Äôm looking forward to the release!",2015-08-14 07:06,,,,False,0,False,0,BenMerriman16,632085649559040000,278237167,,Tweetbot for Mac,False,[],[],[],"[{u'id': 278237167, u'indices': [0, 14], u'id_str': u'278237167', u'screen_name': u'BenMerriman16', u'name': u'Benjamin'}]"
632085377264717824,126124275,Jonathan Morrison,tldtoday,126557,266,799,1272,False,True,"Los Angeles, CA ",@t3smash Thanks man! I really had fun on this one.,2015-08-14 07:04,,,,False,2,False,0,t3smash,632084046525239297,1433679859,,Tweetbot for Mac,False,[],[],[],"[{u'id': 1433679859, u'indices': [0, 8], u'id_str': u'1433679859', u'screen_name': u't3smash', u'name': u'T3CHSMASH'}]"
632085279126327297,126124275,Jonathan Morrison,tldtoday,126557,266,799,1272,False,True,"Los Angeles, CA ",@BenMerriman16 I‚Äôve only listened to the new tracks on Spotify!,2015-08-14 07:04,,,,False,0,False,0,BenMerriman16,632081519859892225,278237167,,Tweetbot for Mac,False,[],[],[],"[{u'id': 278237167, u'indices': [0, 14], u'id_str': u'278237167', u'screen_name': u'BenMerriman16', u'name': u'Benjamin'}]"
632085182162440193,126124275,Jonathan Morrison,tldtoday,126557,266,799,1272,False,True,"Los Angeles, CA ",@gabriel024_ good point lol,2015-08-14 07:03,,,,False,2,False,0,gabriel024_,632078965105119232,3292294265,,Tweetbot for Mac,False,[],[],[],"[{u'id': 3292294265, u'indices': [0, 12], u'id_str': u'3292294265', u'screen_name': u'gabriel024_', u'name': u'CAPiTAN'}]"
632073120141078528,126124275,Jonathan Morrison,tldtoday,126557,266,799,1272,False,True,"Los Angeles, CA ",@SAG_5114 thanks :D,2015-08-14 06:15,,,,False,1,False,0,SAG_5114,632072551422791680,1042200560,,Tweetbot for Mac,False,[],[],[],"[{u'id': 1042200560, u'indices': [0, 9], u'id_str': u'1042200560', u'screen_name': u'SAG_5114', u'name': u'Anoop Babu'}]"
632072422972239872,126124275,Jonathan Morrison,tldtoday,126557,266,799,1272,False,True,"Los Angeles, CA ",@TechnoloJai Thanks man!,2015-08-14 06:13,,,,False,2,False,0,TechnoloJai,632070916785094656,2379539426,,Tweetbot for Mac,False,[],[],[],"[{u'id': 2379539426, u'indices': [0, 12], u'id_str': u'2379539426', u'screen_name': u'TechnoloJai', u'name': u'Jai Bansal'}]"
632072361668308995,126124275,Jonathan Morrison,tldtoday,126557,266,799,1272,False,True,"Los Angeles, CA ",@SAG_5114 yessssss,2015-08-14 06:12,,,,False,1,False,0,SAG_5114,632070206420967425,1042200560,,Tweetbot for Mac,False,[],[],[],"[{u'id': 1042200560, u'indices': [0, 9], u'id_str': u'1042200560', u'screen_name': u'SAG_5114', u'name': u'Anoop Babu'}]"
632067510179725312,126124275,Jonathan Morrison,tldtoday,126557,266,799,1272,False,True,"Los Angeles, CA ",@__WildChaos__ not really ha,2015-08-14 05:53,,,,False,2,False,1,__WildChaos__,632067205249658880,3281271458,,Tweetbot for Mac,False,[],[],[],"[{u'id': 3281271458, u'indices': [0, 14], u'id_str': u'3281271458', u'screen_name': u'__WildChaos__', u'name': u'Jefferson'}]"
632067441909084160,126124275,Jonathan Morrison,tldtoday,126557,266,799,1272,False,True,"Los Angeles, CA ",RT @aayush_rules: @tldtoday the perks of a video buffering on me. I got this photo taken üòÇ http://t.co/G7RmJdbcwt,2015-08-14 05:53,,,,False,0,False,18,,,,,Tweetbot for Mac,False,[],[],[],"[{u'id': 972118022, u'indices': [3, 16], u'id_str': u'972118022', u'screen_name': u'aayush_rules', u'name': u'Aayush Deo'}, {u'id': 126124275, u'indices': [18, 27], u'id_str': u'126124275', u'screen_name': u'tldtoday', u'name': u'Jonathan Morrison'}]"
632067074907488256,126124275,Jonathan Morrison,tldtoday,126557,266,799,1272,False,True,"Los Angeles, CA ",@austinwachukwu Haha thanks man!,2015-08-14 05:51,,,,False,4,False,0,austinwachukwu,632056641639292928,255844734,,Tweetbot for Mac,False,[],[],[],"[{u'id': 255844734, u'indices': [0, 15], u'id_str': u'255844734', u'screen_name': u'austinwachukwu', u'name': u'Austin Nwachukwu'}]"
632067034159837184,126124275,Jonathan Morrison,tldtoday,126557,266,799,1272,False,True,"Los Angeles, CA ",@JeffBenjam thanks man!,2015-08-14 05:51,,,,False,1,False,0,JeffBenjam,632058846928834560,252691456,,Tweetbot for Mac,False,[],[],[],"[{u'id': 252691456, u'indices': [0, 11], u'id_str': u'252691456', u'screen_name': u'JeffBenjam', u'name': u'Jeff Benjamin'}]"
632067009237225472,126124275,Jonathan Morrison,tldtoday,126557,266,799,1272,False,True,"Los Angeles, CA ",@aayush_rules lol,2015-08-14 05:51,,,,False,1,False,0,aayush_rules,632058970018967552,972118022,,Tweetbot for Mac,False,[],[],[],"[{u'id': 972118022, u'indices': [0, 13], u'id_str': u'972118022', u'screen_name': u'aayush_rules', u'name': u'Aayush Deo'}]"
632066623340343296,126124275,Jonathan Morrison,tldtoday,126557,266,799,1272,False,True,"Los Angeles, CA ",@iamporeddy thanks!,2015-08-14 05:50,,,,False,0,False,0,iamporeddy,632066424408666112,310616661,,Tweetbot for Mac,False,[],[],[],"[{u'id': 310616661, u'indices': [0, 11], u'id_str': u'310616661', u'screen_name': u'iamporeddy', u'name': u""Mahesh Po'Reddy\xae""}]"
632065863043014656,126124275,Jonathan Morrison,tldtoday,126557,266,799,1272,False,True,"Los Angeles, CA ",@TekMeNOW @oneplus Thanks bro!,2015-08-14 05:46,,,,False,1,False,0,TekMeNOW,632065535295930368,3243235477,,Tweetbot for Mac,False,[],[],[],"[{u'id': 3243235477, u'indices': [0, 9], u'id_str': u'3243235477', u'screen_name': u'TekMeNOW', u'name': u'Nate Son'}, {u'id': 2196922086, u'indices': [10, 18], u'id_str': u'2196922086', u'screen_name': u'oneplus', u'name': u'OnePlus'}]"
632064773308309504,126124275,Jonathan Morrison,tldtoday,126557,266,799,1272,False,True,"Los Angeles, CA ",Thanks man. I had a ton of fun with this one! https://t.co/ef4bmbUVHP,2015-08-14 05:42,,,,False,62,False,8,,,,,Tweetbot for Mac,False,[],"[{u'url': u'https://t.co/ef4bmbUVHP', u'indices': [46, 69], u'expanded_url': u'https://twitter.com/therealneillX/status/632063747385880576', u'display_url': u'twitter.com/therealneillX/\u2026'}]",[],[]
632058710257352704,126124275,Jonathan Morrison,tldtoday,126557,266,799,1272,False,True,"Los Angeles, CA ","RT @Joantheboss24: @tldtoday Im in your video, smashed the like button with a chancla, got there early 360 p, First comment, I should go an‚Ä¶",2015-08-14 05:18,,,,False,0,False,5,,,,,Tweetbot for iŒüS,False,[],[],[],"[{u'id': 107913164, u'indices': [3, 17], u'id_str': u'107913164', u'screen_name': u'Joantheboss24', u'name': u'Joan Nava'}, {u'id': 126124275, u'indices': [19, 28], u'id_str': u'126124275', u'screen_name': u'tldtoday', u'name': u'Jonathan Morrison'}]"
632056169943592960,126124275,Jonathan Morrison,tldtoday,126557,266,799,1272,False,True,"Los Angeles, CA ",@ThePanduuh üòÄ,2015-08-14 05:08,,,,False,1,False,0,ThePanduuh,632055481343807488,998393216,,Tweetbot for iŒüS,False,[],[],[],"[{u'id': 998393216, u'indices': [0, 11], u'id_str': u'998393216', u'screen_name': u'ThePanduuh', u'name': u'Joe'}]"
632054963644960768,126124275,Jonathan Morrison,tldtoday,126557,266,799,1272,False,True,"Los Angeles, CA ",New video! 48 hours with the @oneplus 2 - RT! http://t.co/xO4iMpYn56 http://t.co/6D602REyyi,2015-08-14 05:03,,,,False,202,False,148,,,,,Tweetbot for iŒüS,False,[],"[{u'url': u'http://t.co/xO4iMpYn56', u'indices': [46, 68], u'expanded_url': u'http://youtu.be/rjJYoLhiAno', u'display_url': u'youtu.be/rjJYoLhiAno'}]",[],"[{u'id': 2196922086, u'indices': [29, 37], u'id_str': u'2196922086', u'screen_name': u'oneplus', u'name': u'OnePlus'}]"
632054424437846016,126124275,Jonathan Morrison,tldtoday,126557,266,799,1272,False,True,"Los Angeles, CA ",Alright ready. First FIVE to retweet my NEXT tweet get a shout out!,2015-08-14 05:01,,,,False,79,False,40,,,,,Tweetbot for iŒüS,False,[],[],[],[]
632045388870979584,126124275,Jonathan Morrison,tldtoday,126557,266,799,1272,False,True,"Los Angeles, CA ",@KalleLeander love it,2015-08-14 04:25,,,,False,0,False,0,KalleLeander,632045353915650048,2320794203,,Tweetbot for Mac,False,[],[],[],"[{u'id': 2320794203, u'indices': [0, 13], u'id_str': u'2320794203', u'screen_name': u'KalleLeander', u'name': u'Kalle Leander'}]"
632044458259820545,126124275,Jonathan Morrison,tldtoday,126557,266,799,1272,False,True,"Los Angeles, CA ",Got 100 up now yo‚Äô haha https://t.co/cU9CCIZqDp,2015-08-14 04:21,,,,False,58,False,11,,,,,Tweetbot for Mac,False,[],"[{u'url': u'https://t.co/cU9CCIZqDp', u'indices': [24, 47], u'expanded_url': u'https://twitter.com/KalleLeander/status/632044387728420865', u'display_url': u'twitter.com/KalleLeander/s\u2026'}]",[],[]
632043945476812801,126124275,Jonathan Morrison,tldtoday,126557,266,799,1272,False,True,"Los Angeles, CA ",TONIGHT :D https://t.co/FT3qgDMwxg,2015-08-14 04:19,,,,False,66,False,8,,,,,Tweetbot for Mac,False,[],"[{u'url': u'https://t.co/FT3qgDMwxg', u'indices': [11, 34], u'expanded_url': u'https://twitter.com/Joantheboss24/status/632043741616836608', u'display_url': u'twitter.com/Joantheboss24/\u2026'}]",[],[]
632043647907684352,126124275,Jonathan Morrison,tldtoday,126557,266,799,1272,False,True,"Los Angeles, CA ",Had a lot of fun with this video btw. You guys are gonna dig it! (Hopefully lol).,2015-08-14 04:18,,,,False,78,False,8,,,,,Tweetbot for Mac,False,[],[],[],[]
632043460174843908,126124275,Jonathan Morrison,tldtoday,126557,266,799,1272,False,True,"Los Angeles, CA ",Exporting‚Ä¶‚Ä¶ (1+2),2015-08-14 04:17,,,,False,78,False,11,,,,,Tweetbot for Mac,False,[],[],[],[]
632043319799906304,126124275,Jonathan Morrison,tldtoday,126557,266,799,1272,False,True,"Los Angeles, CA ",@KingAtlas89 yeah buddy lol,2015-08-14 04:17,,,,False,1,False,0,KingAtlas89,632042047743086592,103706906,,Tweetbot for Mac,False,[],[],[],"[{u'id': 103706906, u'indices': [0, 12], u'id_str': u'103706906', u'screen_name': u'KingAtlas89', u'name': u'Christian King Atlas'}]"
632043216729063424,126124275,Jonathan Morrison,tldtoday,126557,266,799,1272,False,True,"Los Angeles, CA ",@austinnotduncan MAYBE.,2015-08-14 04:17,,,,False,57,False,4,austinnotduncan,632022841676853248,59023203,,Tweetbot for Mac,False,[],[],[],"[{u'id': 59023203, u'indices': [0, 16], u'id_str': u'59023203', u'screen_name': u'austinnotduncan', u'name': u'Austin Evans'}]"
632022497848758272,126124275,Jonathan Morrison,tldtoday,126557,266,799,1272,False,True,"Los Angeles, CA ",@austinnotduncan good thing we can carpool here soon haha,2015-08-14 02:54,,,,False,33,False,3,austinnotduncan,632022366952906752,59023203,,Tweetbot for iŒüS,False,[],[],[],"[{u'id': 59023203, u'indices': [0, 16], u'id_str': u'59023203', u'screen_name': u'austinnotduncan', u'name': u'Austin Evans'}]"
632021794992427009,126124275,Jonathan Morrison,tldtoday,126557,266,799,1272,False,True,"Los Angeles, CA ",Good gawd :o https://t.co/QDYstldM4u,2015-08-14 02:51,,,,False,79,False,8,,,,,Tweetbot for Mac,False,[],"[{u'url': u'https://t.co/QDYstldM4u', u'indices': [13, 36], u'expanded_url': u'https://twitter.com/oriel003/status/632021323171123200', u'display_url': u'twitter.com/oriel003/statu\u2026'}]",[],[]
632021052189618176,126124275,Jonathan Morrison,tldtoday,126557,266,799,1272,False,True,"Los Angeles, CA ",FINALLY got some real internet at the office. Thank you baby Jesus. http://t.co/pruvba9lT0,2015-08-14 02:48,,,,False,411,False,48,,,,,Tweetbot for Mac,False,[],[],[],[]
631916292501405696,126124275,Jonathan Morrison,tldtoday,126557,266,799,1272,False,True,"Los Angeles, CA ","@MKBHD @UnboxTherapy no probs bro, go crispy af",2015-08-13 19:52,,,,False,74,False,8,MKBHD,631911729371320320,29873662,,Tweetbot for Mac,False,[],[],[],"[{u'id': 29873662, u'indices': [0, 6], u'id_str': u'29873662', u'screen_name': u'MKBHD', u'name': u'Marques Brownlee'}, {u'id': 239672340, u'indices': [7, 20], u'id_str': u'239672340', u'screen_name': u'UnboxTherapy', u'name': u'Lewis'}]"
631911870169911296,126124275,Jonathan Morrison,tldtoday,126557,266,799,1272,False,True,"Los Angeles, CA ",@mmhabig np! :D,2015-08-13 19:35,,,,False,1,False,0,mmhabig,631911620646694913,488051803,,Tweetbot for Mac,False,[],[],[],"[{u'id': 488051803, u'indices': [0, 8], u'id_str': u'488051803', u'screen_name': u'mmhabig', u'name': u'Marcos Muller-Habig'}]"
631911056252637185,126124275,Jonathan Morrison,tldtoday,126557,266,799,1272,False,True,"Los Angeles, CA ","I couldn‚Äôt make it out to NYC this time, so stay peeled to @MKBHD and @UnboxTherapy for Note 5/Edge+ coverage this week!",2015-08-13 19:31,,,,False,175,False,26,,,,,Tweetbot for Mac,False,[],[],[],"[{u'id': 29873662, u'indices': [59, 65], u'id_str': u'29873662', u'screen_name': u'MKBHD', u'name': u'Marques Brownlee'}, {u'id': 239672340, u'indices': [70, 83], u'id_str': u'239672340', u'screen_name': u'UnboxTherapy', u'name': u'Lewis'}]"
631902054949064705,126124275,Jonathan Morrison,tldtoday,126557,266,799,1272,False,True,"Los Angeles, CA ",Fix that now haha https://t.co/PYZO7amdNj,2015-08-13 18:56,,,,False,38,False,3,,,,,Tweetbot for Mac,False,[],"[{u'url': u'https://t.co/PYZO7amdNj', u'indices': [18, 41], u'expanded_url': u'https://twitter.com/yaman_albakry/status/631901674798383104', u'display_url': u'twitter.com/yaman_albakry/\u2026'}]",[],[]
631898926514245632,126124275,Jonathan Morrison,tldtoday,126557,266,799,1272,False,True,"Los Angeles, CA ","No man, just all shitty battery life ha https://t.co/pT4Exmtk6L",2015-08-13 18:43,,,,False,57,False,7,,,,,Tweetbot for Mac,False,[],"[{u'url': u'https://t.co/pT4Exmtk6L', u'indices': [40, 63], u'expanded_url': u'https://twitter.com/ChrisLShaw/status/631898764857315328', u'display_url': u'twitter.com/ChrisLShaw/sta\u2026'}]",[],[]
631898525727522816,126124275,Jonathan Morrison,tldtoday,126557,266,799,1272,False,True,"Los Angeles, CA ",Here‚Äôs a deal for you charging maniacs http://t.co/YgWg6DxXE1 Tag a buddy who‚Äôs phone is always dead lol. http://t.co/rJAWCyxRjs,2015-08-13 18:42,,,,False,95,False,21,,,,,Tweetbot for Mac,False,[],"[{u'url': u'http://t.co/YgWg6DxXE1', u'indices': [39, 61], u'expanded_url': u'http://amzn.to/1Pa4ATY', u'display_url': u'amzn.to/1Pa4ATY'}]",[],[]
631893638625169408,126124275,Jonathan Morrison,tldtoday,126557,266,799,1272,False,True,"Los Angeles, CA ",@austinnotduncan @UrAvgConsumer best in the biz haha,2015-08-13 18:22,,,,False,29,False,3,austinnotduncan,631888461910306816,59023203,,Tweetbot for iŒüS,False,[],[],[],"[{u'id': 59023203, u'indices': [0, 16], u'id_str': u'59023203', u'screen_name': u'austinnotduncan', u'name': u'Austin Evans'}, {u'id': 489066301, u'indices': [17, 31], u'id_str': u'489066301', u'screen_name': u'UrAvgConsumer', u'name': u'UrAvgConsumer'}]"
631880716209360896,126124275,Jonathan Morrison,tldtoday,126557,266,799,1272,False,True,"Los Angeles, CA ",@MKBHD now it‚Äôs my turn to peer pressure you lol,2015-08-13 17:31,,,,False,78,False,6,MKBHD,631880437728677888,29873662,,Tweetbot for iŒüS,False,[],[],[],"[{u'id': 29873662, u'indices': [0, 6], u'id_str': u'29873662', u'screen_name': u'MKBHD', u'name': u'Marques Brownlee'}]"
631880318488719360,126124275,Jonathan Morrison,tldtoday,126557,266,799,1272,False,True,"Los Angeles, CA ","@FinalCutKing rad man, keep up the great work!",2015-08-13 17:29,,,,False,2,False,2,FinalCutKing,631878884745609216,30599331,,Tweetbot for iŒüS,False,[],[],[],"[{u'id': 30599331, u'indices': [0, 13], u'id_str': u'30599331', u'screen_name': u'FinalCutKing', u'name': u'Zach King'}]"
631880166357139456,126124275,Jonathan Morrison,tldtoday,126557,266,799,1272,False,True,"Los Angeles, CA ",@MKBHD a7R II haha,2015-08-13 17:29,,,,False,50,False,7,MKBHD,631878959932817408,29873662,,Tweetbot for iŒüS,False,[],[],[],"[{u'id': 29873662, u'indices': [0, 6], u'id_str': u'29873662', u'screen_name': u'MKBHD', u'name': u'Marques Brownlee'}]"
631848446832414721,126124275,Jonathan Morrison,tldtoday,126557,266,799,1272,False,True,"Los Angeles, CA ",Samsung said Suck it BlackBerry http://t.co/tr88FyOMUj,2015-08-13 15:23,,,,False,385,False,167,,,,,Tweetbot for iŒüS,False,[],[],[],[]
631843146381438977,126124275,Jonathan Morrison,tldtoday,126557,266,799,1272,False,True,"Los Angeles, CA ",Samsung Unpacked Note 5 Event https://t.co/dtJSTCWJ0B RT if you‚Äôre watching! http://t.co/lSWgOa7F1g,2015-08-13 15:01,,,,False,169,False,145,,,,,Tweetbot for iŒüS,False,[],"[{u'url': u'https://t.co/dtJSTCWJ0B', u'indices': [30, 53], u'expanded_url': u'https://youtu.be/4k8jxRQa98s', u'display_url': u'youtu.be/4k8jxRQa98s'}]",[],[]
631723343733874688,126124275,Jonathan Morrison,tldtoday,126557,266,799,1272,False,True,"Los Angeles, CA ",@neytiriii I already announced it https://t.co/B4RSN5B2Dp,2015-08-13 07:05,,,,False,3,False,1,neytiriii,631717683881472000,263216889,,Tweetbot for iŒüS,False,[],"[{u'url': u'https://t.co/B4RSN5B2Dp', u'indices': [34, 57], u'expanded_url': u'https://twitter.com/tldtoday/status/631264367061786624', u'display_url': u'twitter.com/tldtoday/statu\u2026'}]",[],"[{u'id': 263216889, u'indices': [0, 10], u'id_str': u'263216889', u'screen_name': u'neytiriii', u'name': u'neytiri'}]"
631722870901596160,126124275,Jonathan Morrison,tldtoday,126557,266,799,1272,False,True,"Los Angeles, CA ",@hannadosman13 these ones are over but I‚Äôll do it again soon!,2015-08-13 07:04,,,,False,1,False,1,hannadosman13,631704226494836736,1057553155,,Tweetbot for iŒüS,False,[],[],[],"[{u'id': 1057553155, u'indices': [0, 14], u'id_str': u'1057553155', u'screen_name': u'hannadosman13', u'name': u'Hannad'}]"
631722764202676224,126124275,Jonathan Morrison,tldtoday,126557,266,799,1272,False,True,"Los Angeles, CA ",@AndroidPlusOne üëäüèºüëçüèº,2015-08-13 07:03,,,,False,3,False,1,AndroidPlusOne,631700638989189120,3245057812,,Tweetbot for iŒüS,False,[],[],[],"[{u'id': 3245057812, u'indices': [0, 15], u'id_str': u'3245057812', u'screen_name': u'AndroidPlusOne', u'name': u'AndroidPlusOne '}]"
631667631007731712,126124275,Jonathan Morrison,tldtoday,126557,266,799,1272,False,True,"Los Angeles, CA ",@GeekyNerdDad @austinwachukwu yessssüëäüèº,2015-08-13 03:24,,,,False,2,False,1,GeekyNerdDad,631663669525524480,22655314,,Tweetbot for iŒüS,False,[],[],[],"[{u'id': 22655314, u'indices': [0, 13], u'id_str': u'22655314', u'screen_name': u'GeekyNerdDad', u'name': u'Larry Dickerson'}, {u'id': 255844734, u'indices': [14, 29], u'id_str': u'255844734', u'screen_name': u'austinwachukwu', u'name': u'Austin Nwachukwu'}]"
631662276911632385,126124275,Jonathan Morrison,tldtoday,126557,266,799,1272,False,True,"Los Angeles, CA ",@GeekyNerdDad @austinwachukwu lol you on Snapchat now Larry?!,2015-08-13 03:03,,,,False,4,False,1,GeekyNerdDad,631657587331723265,22655314,,Tweetbot for iŒüS,False,[],[],[],"[{u'id': 22655314, u'indices': [0, 13], u'id_str': u'22655314', u'screen_name': u'GeekyNerdDad', u'name': u'Larry Dickerson'}, {u'id': 255844734, u'indices': [14, 29], u'id_str': u'255844734', u'screen_name': u'austinwachukwu', u'name': u'Austin Nwachukwu'}]"
631662099735818240,126124275,Jonathan Morrison,tldtoday,126557,266,799,1272,False,True,"Los Angeles, CA ","@austinwachukwu thanks man, this one‚Äôs turning out super fun ha",2015-08-13 03:02,,,,False,7,False,1,austinwachukwu,631656557760135168,255844734,,Tweetbot for iŒüS,False,[],[],[],"[{u'id': 255844734, u'indices': [0, 15], u'id_str': u'255844734', u'screen_name': u'austinwachukwu', u'name': u'Austin Nwachukwu'}]"
631661907502481408,126124275,Jonathan Morrison,tldtoday,126557,266,799,1272,False,True,"Los Angeles, CA ",@TechExamined @SnazzyQ haha,2015-08-13 03:01,,,,False,2,False,1,TechExamined,631655227675017217,19056185,,Tweetbot for iŒüS,False,[],[],[],"[{u'id': 19056185, u'indices': [0, 13], u'id_str': u'19056185', u'screen_name': u'TechExamined', u'name': u'Michael Panetta'}, {u'id': 18055351, u'indices': [14, 22], u'id_str': u'18055351', u'screen_name': u'SnazzyQ', u'name': u'Quinn Nelson'}]"
631661871683145728,126124275,Jonathan Morrison,tldtoday,126557,266,799,1272,False,True,"Los Angeles, CA ",@SnazzyQ say what? Lol,2015-08-13 03:01,,,,False,3,False,2,SnazzyQ,631654756201578496,18055351,,Tweetbot for iŒüS,False,[],[],[],"[{u'id': 18055351, u'indices': [0, 8], u'id_str': u'18055351', u'screen_name': u'SnazzyQ', u'name': u'Quinn Nelson'}]"
631648751887626240,126124275,Jonathan Morrison,tldtoday,126557,266,799,1272,False,True,"Los Angeles, CA ",Which one? http://t.co/nVGQei8Jdv,2015-08-13 02:09,,,,False,213,False,36,,,,,Tweetbot for iŒüS,False,[],[],[],[]
631625008184340481,126124275,Jonathan Morrison,tldtoday,126557,266,799,1272,False,True,"Los Angeles, CA ",@MKBHD @XxH41D3RxX Can‚Äôt argue with that lol,2015-08-13 00:35,,,,False,47,False,6,MKBHD,631624791729041409,29873662,,Tweetbot for Mac,False,[],[],[],"[{u'id': 29873662, u'indices': [0, 6], u'id_str': u'29873662', u'screen_name': u'MKBHD', u'name': u'Marques Brownlee'}, {u'id': 2191994554, u'indices': [7, 18], u'id_str': u'2191994554', u'screen_name': u'XxH41D3RxX', u'name': u'#H41D3R'}]"
631611614228164608,126124275,Jonathan Morrison,tldtoday,126557,266,799,1272,False,True,"Los Angeles, CA ",@MKBHD damn it lol!,2015-08-12 23:41,,,,False,74,False,8,MKBHD,631611427887939584,29873662,,Tweetbot for Mac,False,[],[],[],"[{u'id': 29873662, u'indices': [0, 6], u'id_str': u'29873662', u'screen_name': u'MKBHD', u'name': u'Marques Brownlee'}]"
631611586419908608,126124275,Jonathan Morrison,tldtoday,126557,266,799,1272,False,True,"Los Angeles, CA ",PEER PRESSURE https://t.co/0ot40xnNcm,2015-08-12 23:41,,,,False,92,False,11,,,,,Tweetbot for Mac,False,[],"[{u'url': u'https://t.co/0ot40xnNcm', u'indices': [14, 37], u'expanded_url': u'https://twitter.com/MKBHD/status/631611427887939584', u'display_url': u'twitter.com/MKBHD/status/6\u2026'}]",[],[]
631608787502170112,126124275,Jonathan Morrison,tldtoday,126557,266,799,1272,False,True,"Los Angeles, CA ",@Umezhh Yeah buddy!,2015-08-12 23:30,,,,False,3,False,3,Umezhh,631608724218445824,1742620412,,Tweetbot for Mac,False,[],[],[],"[{u'id': 1742620412, u'indices': [0, 7], u'id_str': u'1742620412', u'screen_name': u'Umezhh', u'name': u'Umesh Ginige'}]"
631608227281563648,126124275,Jonathan Morrison,tldtoday,126557,266,799,1272,False,True,"Los Angeles, CA ",BALLER https://t.co/N3Yh6x2pG1,2015-08-12 23:28,,,,False,50,False,8,,,,,Tweetbot for Mac,False,[],"[{u'url': u'https://t.co/N3Yh6x2pG1', u'indices': [7, 30], u'expanded_url': u'https://twitter.com/Brianemd12/status/631608080514588672', u'display_url': u'twitter.com/Brianemd12/sta\u2026'}]",[],[]
631608196092682240,126124275,Jonathan Morrison,tldtoday,126557,266,799,1272,False,True,"Los Angeles, CA ",That‚Äôs fair logic haha! https://t.co/ohRwmD0ZXg,2015-08-12 23:28,,,,False,46,False,7,,,,,Tweetbot for Mac,False,[],"[{u'url': u'https://t.co/ohRwmD0ZXg', u'indices': [24, 47], u'expanded_url': u'https://twitter.com/thematigus/status/631607994963267584', u'display_url': u'twitter.com/thematigus/sta\u2026'}]",[],[]
631607883034005504,126124275,Jonathan Morrison,tldtoday,126557,266,799,1272,False,True,"Los Angeles, CA ",DON‚ÄôT TELL ME HOW TO RUN MY LIFE lol https://t.co/zaDRtEK1y2,2015-08-12 23:27,,,,False,71,False,9,,,,,Tweetbot for Mac,False,[],"[{u'url': u'https://t.co/zaDRtEK1y2', u'indices': [37, 60], u'expanded_url': u'https://twitter.com/Hhj9521/status/631607781615792128', u'display_url': u'twitter.com/Hhj9521/status\u2026'}]",[],[]
631607565776916480,126124275,Jonathan Morrison,tldtoday,126557,266,799,1272,False,True,"Los Angeles, CA ",Jesus. The fact that these are on Amazon makes me nervous lol. http://t.co/GML0pMsLS1 http://t.co/DOcdU2gWv6,2015-08-12 23:25,,,,False,152,False,20,,,,,Tweetbot for Mac,False,[],"[{u'url': u'http://t.co/GML0pMsLS1', u'indices': [63, 85], u'expanded_url': u'http://amzn.to/1f8Oduy', u'display_url': u'amzn.to/1f8Oduy'}]",[],[]
631573725960278017,126124275,Jonathan Morrison,tldtoday,126557,266,799,1272,False,True,"Los Angeles, CA ",@MKBHD throw my fake ones in while you‚Äôre at it lol,2015-08-12 21:11,,,,False,88,False,8,MKBHD,631553741423034369,29873662,,Tweetbot for iŒüS,False,[],[],[],"[{u'id': 29873662, u'indices': [0, 6], u'id_str': u'29873662', u'screen_name': u'MKBHD', u'name': u'Marques Brownlee'}]"
631564306627166208,126124275,Jonathan Morrison,tldtoday,126557,266,799,1272,False,True,"Los Angeles, CA ",@MKBHD love it haha,2015-08-12 20:33,,,,False,61,False,10,MKBHD,631563376229924864,29873662,,Tweetbot for iŒüS,False,[],[],[],"[{u'id': 29873662, u'indices': [0, 6], u'id_str': u'29873662', u'screen_name': u'MKBHD', u'name': u'Marques Brownlee'}]"
631557109750968320,126124275,Jonathan Morrison,tldtoday,126557,266,799,1272,False,True,"Los Angeles, CA ",@MKBHD Marcus Brownly,2015-08-12 20:05,,,,False,225,False,23,MKBHD,631555863497588736,29873662,,Tweetbot for iŒüS,False,[],[],[],"[{u'id': 29873662, u'indices': [0, 6], u'id_str': u'29873662', u'screen_name': u'MKBHD', u'name': u'Marques Brownlee'}]"
631556890921578496,126124275,Jonathan Morrison,tldtoday,126557,266,799,1272,False,True,"Los Angeles, CA ","If you have any questions re: One Plus 2, shoot me a video on Snapchat (tldtoday. Might make a video! http://t.co/EmGPnyulbL",2015-08-12 20:04,,,,False,107,False,20,,,,,Tweetbot for iŒüS,False,[],[],[],[]
631534528486469632,126124275,Jonathan Morrison,tldtoday,126557,266,799,1272,False,True,"Los Angeles, CA ",@LeoFireKingdom awesome! :D,2015-08-12 18:35,,,,False,2,False,1,LeoFireKingdom,631523835855044608,182696528,,Tweetbot for Mac,False,[],[],[],"[{u'id': 182696528, u'indices': [0, 15], u'id_str': u'182696528', u'screen_name': u'LeoFireKingdom', u'name': u'LeoFireKingdom'}]"
631534406927126528,126124275,Jonathan Morrison,tldtoday,126557,266,799,1272,False,True,"Los Angeles, CA ",@jesus__1013 yeah buddy!,2015-08-12 18:35,,,,False,3,False,1,jesus__1013,631531461712023552,1976028535,,Tweetbot for Mac,False,[],[],[],"[{u'id': 1976028535, u'indices': [0, 12], u'id_str': u'1976028535', u'screen_name': u'jesus__1013', u'name': u'Jesus Aguirre'}]"
631500409513734144,126124275,Jonathan Morrison,tldtoday,126557,266,799,1272,False,True,"Los Angeles, CA ",@anki looking to get in touch! :) http://t.co/ohYRZBmIS0,2015-08-12 16:20,,,,False,4,False,1,anki,,567760343,,Tweetbot for Mac,False,[],"[{u'url': u'http://t.co/ohYRZBmIS0', u'indices': [34, 56], u'expanded_url': u'http://www.youtube.com/tld', u'display_url': u'youtube.com/tld'}]",[],"[{u'id': 567760343, u'indices': [0, 5], u'id_str': u'567760343', u'screen_name': u'anki', u'name': u'Anki'}]"
631481252722311168,126124275,Jonathan Morrison,tldtoday,126557,266,799,1272,False,True,"Los Angeles, CA ",@AnkurGugar budget?,2015-08-12 15:03,,,,False,2,False,1,AnkurGugar,631477790416580608,1974862782,,Tweetbot for Mac,False,[],[],[],"[{u'id': 1974862782, u'indices': [0, 11], u'id_str': u'1974862782', u'screen_name': u'AnkurGugar', u'name': u'Ankur Gugar'}]"
631481177925292037,126124275,Jonathan Morrison,tldtoday,126557,266,799,1272,False,True,"Los Angeles, CA ",@dmjemm Thanks David :D,2015-08-12 15:03,,,,False,2,False,1,dmjemm,631475389760540673,37427628,,Tweetbot for Mac,False,[],[],[],"[{u'id': 37427628, u'indices': [0, 7], u'id_str': u'37427628', u'screen_name': u'dmjemm', u'name': u'David Jemmott'}]"
631481140595941376,126124275,Jonathan Morrison,tldtoday,126557,266,799,1272,False,True,"Los Angeles, CA ",@TFMineRealm tldtoday,2015-08-12 15:03,,,,False,1,False,1,TFMineRealm,631472479014268929,2305329758,,Tweetbot for Mac,False,[],[],[],"[{u'id': 2305329758, u'indices': [0, 12], u'id_str': u'2305329758', u'screen_name': u'TFMineRealm', u'name': u'TFMRealm [LAMC]'}]"
631481101198819328,126124275,Jonathan Morrison,tldtoday,126557,266,799,1272,False,True,"Los Angeles, CA ","@MKBHD If you don‚Äôt get ahold of one, we‚Äôll hang soon ha.",2015-08-12 15:03,,,,False,59,False,7,MKBHD,631470669721640961,29873662,,Tweetbot for Mac,False,[],[],[],"[{u'id': 29873662, u'indices': [0, 6], u'id_str': u'29873662', u'screen_name': u'MKBHD', u'name': u'Marques Brownlee'}]"
631480981053026304,126124275,Jonathan Morrison,tldtoday,126557,266,799,1272,False,True,"Los Angeles, CA ",@DevinRabeyHD @MKBHD I do. Marques shoots RED.,2015-08-12 15:02,,,,False,1,False,1,DevinRabeyHD,631468269204033537,3252853121,,Tweetbot for Mac,False,[],[],[],"[{u'id': 3252853121, u'indices': [0, 13], u'id_str': u'3252853121', u'screen_name': u'DevinRabeyHD', u'name': u'Devin Rabey'}, {u'id': 29873662, u'indices': [14, 20], u'id_str': u'29873662', u'screen_name': u'MKBHD', u'name': u'Marques Brownlee'}]"
631480892322516992,126124275,Jonathan Morrison,tldtoday,126557,266,799,1272,False,True,"Los Angeles, CA ","@IceflowStudios Yeah man, at this point Sony is just making Canon look silly lol. I was a HUGE Canon guy too ha.",2015-08-12 15:02,,,,False,2,False,1,IceflowStudios,631468228712071172,9909802,,Tweetbot for Mac,False,[],[],[],"[{u'id': 9909802, u'indices': [0, 15], u'id_str': u'9909802', u'screen_name': u'IceflowStudios', u'name': u'Howard Pinsky'}]"
631480728954339333,126124275,Jonathan Morrison,tldtoday,126557,266,799,1272,False,True,"Los Angeles, CA ",@im_Svirat :D,2015-08-12 15:01,,,,False,3,False,1,im_Svirat,631467633662140416,1489973112,,Tweetbot for Mac,False,[],[],[],"[{u'id': 1489973112, u'indices': [0, 10], u'id_str': u'1489973112', u'screen_name': u'im_Svirat', u'name': u'$!|}|}# v!\u20b9@t_10'}]"
631480672851378176,126124275,Jonathan Morrison,tldtoday,126557,266,799,1272,False,True,"Los Angeles, CA ",Straight up E-Mount! http://t.co/74cRGPpVjO https://t.co/DMWbQV0l0A http://t.co/HoIbqdX0WR,2015-08-12 15:01,,,,False,75,False,14,,,,,Tweetbot for Mac,False,[],"[{u'url': u'http://t.co/74cRGPpVjO', u'indices': [21, 43], u'expanded_url': u'http://amzn.to/1gzSrMN', u'display_url': u'amzn.to/1gzSrMN'}, {u'url': u'https://t.co/DMWbQV0l0A', u'indices': [45, 68], u'expanded_url': u'https://twitter.com/CGutierrez86/status/631464002963378176', u'display_url': u'twitter.com/CGutierrez86/s\u2026'}]",[],[]
631467613789360129,126124275,Jonathan Morrison,tldtoday,126557,266,799,1272,False,True,"Los Angeles, CA ",@markguim its pretty rad,2015-08-12 14:09,,,,False,2,False,1,markguim,631461950535413760,14818800,,Tweetbot for iŒüS,False,[],[],[],"[{u'id': 14818800, u'indices': [0, 9], u'id_str': u'14818800', u'screen_name': u'markguim', u'name': u'Mark Guim'}]"
631467536236744705,126124275,Jonathan Morrison,tldtoday,126557,266,799,1272,False,True,"Los Angeles, CA ",@MKBHD crazy right?,2015-08-12 14:09,,,,False,37,False,5,MKBHD,631460470524805120,29873662,,Tweetbot for iŒüS,False,[],[],[],"[{u'id': 29873662, u'indices': [0, 6], u'id_str': u'29873662', u'screen_name': u'MKBHD', u'name': u'Marques Brownlee'}]"
631364992151851009,126124275,Jonathan Morrison,tldtoday,126557,266,799,1272,False,True,"Los Angeles, CA ",@a_lincoln14 good luck!,2015-08-12 07:21,,,,False,3,False,1,a_lincoln14,631363491870289920,3302809285,,Tweetbot for iŒüS,False,[],[],[],"[{u'id': 3302809285, u'indices': [0, 12], u'id_str': u'3302809285', u'screen_name': u'a_lincoln14', u'name': u'Austin Lincoln'}]"
631363271967162368,126124275,Jonathan Morrison,tldtoday,126557,266,799,1272,False,True,"Los Angeles, CA ",@alisiddique05 np üòÄ,2015-08-12 07:15,,,,False,2,False,2,alisiddique05,631362550731440128,2263754131,,Tweetbot for iŒüS,False,[],[],[],"[{u'id': 2263754131, u'indices': [0, 14], u'id_str': u'2263754131', u'screen_name': u'alisiddique05', u'name': u'Ali'}]"
631358907361812480,126124275,Jonathan Morrison,tldtoday,126557,266,799,1272,False,True,"Los Angeles, CA ","BTW, today‚Äôs video was A7r II + 24mm Rokinon Prime handheld. Good example of built in IS! http://t.co/ZKpqYNzSru",2015-08-12 06:57,,,,False,134,False,19,,,,,Tweetbot for iŒüS,False,[],"[{u'url': u'http://t.co/ZKpqYNzSru', u'indices': [90, 112], u'expanded_url': u'http://youtu.be/O-D9Q3pz-OE', u'display_url': u'youtu.be/O-D9Q3pz-OE'}]",[],[]
631358360860823553,126124275,Jonathan Morrison,tldtoday,126557,266,799,1272,False,True,"Los Angeles, CA ",@michaelfish325 üëäüèº,2015-08-12 06:55,,,,False,3,False,2,michaelfish325,631358327163887616,1099447124,,Tweetbot for iŒüS,False,[],[],[],"[{u'id': 1099447124, u'indices': [0, 15], u'id_str': u'1099447124', u'screen_name': u'michaelfish325', u'name': u'Michael'}]"
631358296952188928,126124275,Jonathan Morrison,tldtoday,126557,266,799,1272,False,True,"Los Angeles, CA ",You guys went too hard lol https://t.co/pjRFFIdblV,2015-08-12 06:55,,,,False,167,False,21,,,,,Tweetbot for iŒüS,False,[],"[{u'url': u'https://t.co/pjRFFIdblV', u'indices': [28, 51], u'expanded_url': u'https://twitter.com/Prem97Kansara/status/631354529707995136', u'display_url': u'twitter.com/Prem97Kansara/\u2026'}]",[],[]
631358086779813888,126124275,Jonathan Morrison,tldtoday,126557,266,799,1272,False,True,"Los Angeles, CA ",@jesus__1013 nice one man üòÄüëäüèº,2015-08-12 06:54,,,,False,2,False,2,jesus__1013,631344929575342080,1976028535,,Tweetbot for iŒüS,False,[],[],[],"[{u'id': 1976028535, u'indices': [0, 12], u'id_str': u'1976028535', u'screen_name': u'jesus__1013', u'name': u'Jesus Aguirre'}]"
631337918578032640,126124275,Jonathan Morrison,tldtoday,126557,266,799,1272,False,True,"Los Angeles, CA ",@Awkweird_Kidd damn lol,2015-08-12 05:34,,,,False,2,False,1,Awkweird_Kidd,631332709969715200,2844735499,,Tweetbot for Mac,False,[],[],[],"[{u'id': 2844735499, u'indices': [0, 14], u'id_str': u'2844735499', u'screen_name': u'Awkweird_Kidd', u'name': u'Kayla McKnight'}]"
